[{"model": "contenttypes.contenttype", "pk": 1, "fields": {"app_label": "admin", "model": "logentry"}}, {"model": "contenttypes.contenttype", "pk": 2, "fields": {"app_label": "auth", "model": "permission"}}, {"model": "contenttypes.contenttype", "pk": 3, "fields": {"app_label": "auth", "model": "group"}}, {"model": "contenttypes.contenttype", "pk": 4, "fields": {"app_label": "contenttypes", "model": "contenttype"}}, {"model": "contenttypes.contenttype", "pk": 5, "fields": {"app_label": "sessions", "model": "session"}}, {"model": "contenttypes.contenttype", "pk": 6, "fields": {"app_label": "api", "model": "user"}}, {"model": "contenttypes.contenttype", "pk": 7, "fields": {"app_label": "api", "model": "category"}}, {"model": "contenttypes.contenttype", "pk": 8, "fields": {"app_label": "api", "model": "genre"}}, {"model": "contenttypes.contenttype", "pk": 9, "fields": {"app_label": "api", "model": "genretitle"}}, {"model": "contenttypes.contenttype", "pk": 10, "fields": {"app_label": "api", "model": "title"}}, {"model": "contenttypes.contenttype", "pk": 11, "fields": {"app_label": "api", "model": "review"}}, {"model": "contenttypes.contenttype", "pk": 12, "fields": {"app_label": "api", "model": "comment"}}, {"model": "sessions.session", "pk": "d472b2fpq90ojv544cs0e2bdr21la2at", "fields": {"session_data": "OTE1ZmYzMGNiNGM2NjY1ZmI0ODRmNGI2YjQ5YWEzYzY5Y2ViOWU2ODp7Il9hdXRoX3VzZXJfaWQiOiIxIiwiX2F1dGhfdXNlcl9iYWNrZW5kIjoiZGphbmdvLmNvbnRyaWIuYXV0aC5iYWNrZW5kcy5Nb2RlbEJhY2tlbmQiLCJfYXV0aF91c2VyX2hhc2giOiJhNTlmZTRmNjk4ZDUwOGEzZTYxYzMyMjk2MjI3MjY4YmIzYTFiMDgxIn0=", "expire_date": "2023-05-09T13:18:39.474"}}, {"model": "sessions.session", "pk": "k30uz5etcfef3bcjh5bt36haug3t339s", "fields": {"session_data": "OTE1ZmYzMGNiNGM2NjY1ZmI0ODRmNGI2YjQ5YWEzYzY5Y2ViOWU2ODp7Il9hdXRoX3VzZXJfaWQiOiIxIiwiX2F1dGhfdXNlcl9iYWNrZW5kIjoiZGphbmdvLmNvbnRyaWIuYXV0aC5iYWNrZW5kcy5Nb2RlbEJhY2tlbmQiLCJfYXV0aF91c2VyX2hhc2giOiJhNTlmZTRmNjk4ZDUwOGEzZTYxYzMyMjk2MjI3MjY4YmIzYTFiMDgxIn0=", "expire_date": "2023-05-08T22:50:02.534"}}, {"model": "sessions.session", "pk": "km2x0j9eapbvps67lscxn0vnl4c9iekw", "fields": {"session_data": "OTE1ZmYzMGNiNGM2NjY1ZmI0ODRmNGI2YjQ5YWEzYzY5Y2ViOWU2ODp7Il9hdXRoX3VzZXJfaWQiOiIxIiwiX2F1dGhfdXNlcl9iYWNrZW5kIjoiZGphbmdvLmNvbnRyaWIuYXV0aC5iYWNrZW5kcy5Nb2RlbEJhY2tlbmQiLCJfYXV0aF91c2VyX2hhc2giOiJhNTlmZTRmNjk4ZDUwOGEzZTYxYzMyMjk2MjI3MjY4YmIzYTFiMDgxIn0=", "expire_date": "2023-05-09T21:28:04.529"}}, {"model": "sessions.session", "pk": "py4lymlt8igji158ffuniafbisoi0qzw", "fields": {"session_data": "OTE1ZmYzMGNiNGM2NjY1ZmI0ODRmNGI2YjQ5YWEzYzY5Y2ViOWU2ODp7Il9hdXRoX3VzZXJfaWQiOiIxIiwiX2F1dGhfdXNlcl9iYWNrZW5kIjoiZGphbmdvLmNvbnRyaWIuYXV0aC5iYWNrZW5kcy5Nb2RlbEJhY2tlbmQiLCJfYXV0aF91c2VyX2hhc2giOiJhNTlmZTRmNjk4ZDUwOGEzZTYxYzMyMjk2MjI3MjY4YmIzYTFiMDgxIn0=", "expire_date": "2023-05-09T21:42:15.126"}}, {"model": "api.title", "pk": 1, "fields": {"name": "\u041f\u043e\u0431\u0435\u0433 \u0438\u0437 \u0428\u043e\u0443\u0448\u0435\u043d\u043a\u0430", "year": 1994, "description": "", "category": 1}}, {"model": "api.title", "pk": 2, "fields": {"name": "\u041a\u0440\u0435\u0441\u0442\u043d\u044b\u0439 \u043e\u0442\u0435\u0446", "year": 1972, "description": "", "category": 1}}, {"model": "api.title", "pk": 3, "fields": {"name": "12 \u0440\u0430\u0437\u0433\u043d\u0435\u0432\u0430\u043d\u043d\u044b\u0445 \u043c\u0443\u0436\u0447\u0438\u043d", "year": 1957, "description": "", "category": 1}}, {"model": "api.title", "pk": 4, "fields": {"name": "\u0421\u043f\u0438\u0441\u043e\u043a \u0428\u0438\u043d\u0434\u043b\u0435\u0440\u0430", "year": 1993, "description": "", "category": 1}}, {"model": "api.title", "pk": 5, "fields": {"name": "\u041a\u0440\u0438\u043c\u0438\u043d\u0430\u043b\u044c\u043d\u043e\u0435 \u0447\u0442\u0438\u0432\u043e", "year": 1994, "description": "", "category": 1}}, {"model": "api.title", "pk": 6, "fields": {"name": "\u0425\u043e\u0440\u043e\u0448\u0438\u0439, \u043f\u043b\u043e\u0445\u043e\u0439, \u0437\u043b\u043e\u0439", "year": 1966, "description": "", "category": 1}}, {"model": "api.title", "pk": 7, "fields": {"name": "\u0412\u043b\u0430\u0441\u0442\u0435\u043b\u0438\u043d \u043a\u043e\u043b\u0435\u0446: \u0411\u0440\u0430\u0442\u0441\u0442\u0432\u043e \u043a\u043e\u043b\u044c\u0446\u0430", "year": 2001, "description": "", "category": 1}}, {"model": "api.title", "pk": 8, "fields": {"name": "\u0411\u043e\u0439\u0446\u043e\u0432\u0441\u043a\u0438\u0439 \u043a\u043b\u0443\u0431", "year": 1999, "description": "", "category": 1}}, {"model": "api.title", "pk": 9, "fields": {"name": "\u0424\u043e\u0440\u0440\u0435\u0441\u0442 \u0413\u0430\u043c\u043f", "year": 1994, "description": "", "category": 1}}, {"model": "api.title", "pk": 10, "fields": {"name": "\u0417\u0432\u0451\u0437\u0434\u043d\u044b\u0435 \u0432\u043e\u0439\u043d\u044b. \u042d\u043f\u0438\u0437\u043e\u0434 5: \u0418\u043c\u043f\u0435\u0440\u0438\u044f \u043d\u0430\u043d\u043e\u0441\u0438\u0442 \u043e\u0442\u0432\u0435\u0442\u043d\u044b\u0439 \u0443\u0434\u0430\u0440", "year": 1980, "description": "", "category": 1}}, {"model": "api.title", "pk": 11, "fields": {"name": "\u0412\u043b\u0430\u0441\u0442\u0435\u043b\u0438\u043d \u043a\u043e\u043b\u0435\u0446: \u0414\u0432\u0435 \u043a\u0440\u0435\u043f\u043e\u0441\u0442\u0438", "year": 2002, "description": "", "category": 1}}, {"model": "api.title", "pk": 12, "fields": {"name": "\u041c\u0430\u0442\u0440\u0438\u0446\u0430", "year": 1999, "description": "", "category": 1}}, {"model": "api.title", "pk": 13, "fields": {"name": "\u041f\u0440\u043e\u043b\u0435\u0442\u0430\u044f \u043d\u0430\u0434 \u0433\u043d\u0435\u0437\u0434\u043e\u043c \u043a\u0443\u043a\u0443\u0448\u043a\u0438", "year": 1975, "description": "", "category": 1}}, {"model": "api.title", "pk": 14, "fields": {"name": "\u041d\u0430\u0437\u0430\u0434 \u0432 \u0431\u0443\u0434\u0443\u0449\u0435\u0435", "year": 1985, "description": "", "category": 1}}, {"model": "api.title", "pk": 15, "fields": {"name": "\u041e\u043f\u0435\u0440\u0430\u0446\u0438\u044f \u00ab\u042b\u00bb \u0438 \u0434\u0440\u0443\u0433\u0438\u0435 \u043f\u0440\u0438\u043a\u043b\u044e\u0447\u0435\u043d\u0438\u044f \u0428\u0443\u0440\u0438\u043a\u0430", "year": 1965, "description": "", "category": 1}}, {"model": "api.title", "pk": 16, "fields": {"name": "\u041a\u0430\u0440\u0442\u044b, \u0434\u0435\u043d\u044c\u0433\u0438, \u0434\u0432\u0430 \u0441\u0442\u0432\u043e\u043b\u0430", "year": 1998, "description": "", "category": 1}}, {"model": "api.title", "pk": 17, "fields": {"name": "\u0414\u0436\u0435\u043d\u0442\u043b\u044c\u043c\u0435\u043d\u044b \u0443\u0434\u0430\u0447\u0438", "year": 1971, "description": "", "category": 1}}, {"model": "api.title", "pk": 18, "fields": {"name": "\u0414\u0436\u0430\u043d\u0433\u043e \u043e\u0441\u0432\u043e\u0431\u043e\u0436\u0434\u0435\u043d\u043d\u044b\u0439", "year": 2012, "description": "", "category": 1}}, {"model": "api.title", "pk": 19, "fields": {"name": "Generation \u041f", "year": 2011, "description": "", "category": 1}}, {"model": "api.title", "pk": 20, "fields": {"name": "\u041a\u043e\u043b\u043e\u0431\u043e\u043a", "year": 1873, "description": "", "category": 2}}, {"model": "api.title", "pk": 21, "fields": {"name": "\u0421\u0442\u0440\u0430\u0445 \u0438 \u043d\u0435\u043d\u0430\u0432\u0438\u0441\u0442\u044c \u0432 \u041b\u0430\u0441-\u0412\u0435\u0433\u0430\u0441\u0435", "year": 1971, "description": "", "category": 2}}, {"model": "api.title", "pk": 22, "fields": {"name": "\u0412\u043e\u0439\u043d\u0430 \u0438 \u043c\u0438\u0440", "year": 1865, "description": "", "category": 2}}, {"model": "api.title", "pk": 23, "fields": {"name": "\u0423\u043b\u0438\u0441\u0441", "year": 1918, "description": "", "category": 2}}, {"model": "api.title", "pk": 24, "fields": {"name": "Generation \u041f", "year": 1999, "description": "", "category": 2}}, {"model": "api.title", "pk": 25, "fields": {"name": "\u0412\u0438\u043d\u043d\u0438 \u041f\u0443\u0445 \u0438 \u0432\u0441\u0435-\u0432\u0441\u0435-\u0432\u0441\u0435", "year": 1926, "description": "", "category": 2}}, {"model": "api.title", "pk": 26, "fields": {"name": "\u0421\u0442\u0430\u0441 \u041c\u0438\u0445\u0430\u0439\u043b\u043e\u0432 - \u041f\u043e\u0437\u044b\u0432\u043d\u044b\u0435 \u043d\u0430 \u043b\u044e\u0431\u043e\u0432\u044c", "year": 2004, "description": "", "category": 3}}, {"model": "api.title", "pk": 27, "fields": {"name": "Led Zeppelin \u2014 Stairway to Heaven", "year": 1971, "description": "", "category": 3}}, {"model": "api.title", "pk": 28, "fields": {"name": "Jethro Tull - Aqualung", "year": 1971, "description": "", "category": 3}}, {"model": "api.title", "pk": 29, "fields": {"name": "Elvis Presley - Blue Suede Shoes", "year": 1955, "description": "", "category": 3}}, {"model": "api.title", "pk": 30, "fields": {"name": "Deep Purple - Smoke on the Water", "year": 1971, "description": "", "category": 3}}, {"model": "api.title", "pk": 31, "fields": {"name": "\u041c\u043e\u0446\u0430\u0440\u0442 - \u0422\u0443\u0440\u0435\u0446\u043a\u0438\u0439 \u043c\u0430\u0440\u0448", "year": 1784, "description": "", "category": 3}}, {"model": "api.title", "pk": 32, "fields": {"name": "\u0411\u0430\u0445. \u041e\u0440\u043a\u0435\u0441\u0442\u0440\u043e\u0432\u0430\u044f \u0421\u044e\u0438\u0442\u0430 \u21162 \u0441\u0438 \u043c\u0438\u043d\u043e\u0440", "year": 1739, "description": "", "category": 3}}, {"model": "api.category", "pk": 1, "fields": {"name": "\u0424\u0438\u043b\u044c\u043c", "slug": "movie"}}, {"model": "api.category", "pk": 2, "fields": {"name": "\u041a\u043d\u0438\u0433\u0430", "slug": "book"}}, {"model": "api.category", "pk": 3, "fields": {"name": "\u041c\u0443\u0437\u044b\u043a\u0430", "slug": "music"}}, {"model": "api.category", "pk": 4, "fields": {"name": "\u0411\u0435\u0437 \u043a\u0430\u0442\u0435\u0433\u043e\u0440\u0438\u0438", "slug": "no-category"}}, {"model": "api.genre", "pk": 1, "fields": {"name": "\u0411\u0435\u0437 \u0436\u0430\u043d\u0440\u0430", "slug": "no-genre"}}, {"model": "api.genre", "pk": 2, "fields": {"name": "\u0414\u0440\u0430\u043c\u0430", "slug": "drama"}}, {"model": "api.genre", "pk": 3, "fields": {"name": "\u041a\u043e\u043c\u0435\u0434\u0438\u044f", "slug": "comedy"}}, {"model": "api.genre", "pk": 4, "fields": {"name": "\u0412\u0435\u0441\u0442\u0435\u0440\u043d", "slug": "western"}}, {"model": "api.genre", "pk": 5, "fields": {"name": "\u0424\u044d\u043d\u0442\u0435\u0437\u0438", "slug": "fantasy"}}, {"model": "api.genre", "pk": 6, "fields": {"name": "\u0424\u0430\u043d\u0442\u0430\u0441\u0442\u0438\u043a\u0430", "slug": "sci-fi"}}, {"model": "api.genre", "pk": 7, "fields": {"name": "\u0414\u0435\u0442\u0435\u043a\u0442\u0438\u0432", "slug": "detective"}}, {"model": "api.genre", "pk": 8, "fields": {"name": "\u0422\u0440\u0438\u043b\u043b\u0435\u0440", "slug": "thriller"}}, {"model": "api.genre", "pk": 9, "fields": {"name": "\u0421\u043a\u0430\u0437\u043a\u0430", "slug": "tale"}}, {"model": "api.genre", "pk": 10, "fields": {"name": "\u0413\u043e\u043d\u0437\u043e", "slug": "gonzo"}}, {"model": "api.genre", "pk": 11, "fields": {"name": "\u0420\u043e\u043c\u0430\u043d", "slug": "roman"}}, {"model": "api.genre", "pk": 12, "fields": {"name": "\u0411\u0430\u043b\u043b\u0430\u0434\u0430", "slug": "ballad"}}, {"model": "api.genre", "pk": 13, "fields": {"name": "Rock-n-roll", "slug": "rock-n-roll"}}, {"model": "api.genre", "pk": 14, "fields": {"name": "\u041a\u043b\u0430\u0441\u0441\u0438\u043a\u0430", "slug": "classical"}}, {"model": "api.genre", "pk": 15, "fields": {"name": "\u0420\u043e\u043a", "slug": "rock"}}, {"model": "api.genre", "pk": 16, "fields": {"name": "\u0428\u0430\u043d\u0441\u043e\u043d", "slug": "chanson"}}, {"model": "api.genretitle", "pk": 1, "fields": {"title": 1, "genre": 2}}, {"model": "api.genretitle", "pk": 2, "fields": {"title": 2, "genre": 2}}, {"model": "api.genretitle", "pk": 3, "fields": {"title": 3, "genre": 2}}, {"model": "api.genretitle", "pk": 4, "fields": {"title": 4, "genre": 2}}, {"model": "api.genretitle", "pk": 5, "fields": {"title": 5, "genre": 3}}, {"model": "api.genretitle", "pk": 6, "fields": {"title": 6, "genre": 4}}, {"model": "api.genretitle", "pk": 7, "fields": {"title": 7, "genre": 5}}, {"model": "api.genretitle", "pk": 8, "fields": {"title": 8, "genre": 8}}, {"model": "api.genretitle", "pk": 9, "fields": {"title": 9, "genre": 2}}, {"model": "api.genretitle", "pk": 10, "fields": {"title": 10, "genre": 5}}, {"model": "api.genretitle", "pk": 11, "fields": {"title": 11, "genre": 5}}, {"model": "api.genretitle", "pk": 12, "fields": {"title": 12, "genre": 6}}, {"model": "api.genretitle", "pk": 13, "fields": {"title": 13, "genre": 2}}, {"model": "api.genretitle", "pk": 14, "fields": {"title": 14, "genre": 6}}, {"model": "api.genretitle", "pk": 15, "fields": {"title": 15, "genre": 3}}, {"model": "api.genretitle", "pk": 16, "fields": {"title": 16, "genre": 3}}, {"model": "api.genretitle", "pk": 17, "fields": {"title": 17, "genre": 3}}, {"model": "api.genretitle", "pk": 18, "fields": {"title": 18, "genre": 2}}, {"model": "api.genretitle", "pk": 19, "fields": {"title": 19, "genre": 2}}, {"model": "api.genretitle", "pk": 20, "fields": {"title": 20, "genre": 8}}, {"model": "api.genretitle", "pk": 21, "fields": {"title": 21, "genre": 10}}, {"model": "api.genretitle", "pk": 22, "fields": {"title": 22, "genre": 11}}, {"model": "api.genretitle", "pk": 23, "fields": {"title": 23, "genre": 11}}, {"model": "api.genretitle", "pk": 24, "fields": {"title": 24, "genre": 11}}, {"model": "api.genretitle", "pk": 25, "fields": {"title": 25, "genre": 9}}, {"model": "api.genretitle", "pk": 26, "fields": {"title": 26, "genre": 16}}, {"model": "api.genretitle", "pk": 27, "fields": {"title": 27, "genre": 12}}, {"model": "api.genretitle", "pk": 28, "fields": {"title": 28, "genre": 12}}, {"model": "api.genretitle", "pk": 29, "fields": {"title": 29, "genre": 13}}, {"model": "api.genretitle", "pk": 30, "fields": {"title": 30, "genre": 15}}, {"model": "api.genretitle", "pk": 31, "fields": {"title": 31, "genre": 14}}, {"model": "api.genretitle", "pk": 32, "fields": {"title": 32, "genre": 14}}, {"model": "api.genretitle", "pk": 114, "fields": {"title": 5, "genre": 8}}, {"model": "api.genretitle", "pk": 115, "fields": {"title": 5, "genre": 7}}, {"model": "api.genretitle", "pk": 116, "fields": {"title": 9, "genre": 3}}, {"model": "api.genretitle", "pk": 117, "fields": {"title": 12, "genre": 2}}, {"model": "api.genretitle", "pk": 118, "fields": {"title": 12, "genre": 7}}, {"model": "api.genretitle", "pk": 119, "fields": {"title": 12, "genre": 9}}, {"model": "api.genretitle", "pk": 120, "fields": {"title": 15, "genre": 7}}, {"model": "api.genretitle", "pk": 121, "fields": {"title": 15, "genre": 9}}, {"model": "api.genretitle", "pk": 122, "fields": {"title": 20, "genre": 9}}, {"model": "api.genretitle", "pk": 123, "fields": {"title": 27, "genre": 15}}, {"model": "auth.permission", "pk": 1, "fields": {"name": "Can add log entry", "content_type": 1, "codename": "add_logentry"}}, {"model": "auth.permission", "pk": 2, "fields": {"name": "Can change log entry", "content_type": 1, "codename": "change_logentry"}}, {"model": "auth.permission", "pk": 3, "fields": {"name": "Can delete log entry", "content_type": 1, "codename": "delete_logentry"}}, {"model": "auth.permission", "pk": 4, "fields": {"name": "Can view log entry", "content_type": 1, "codename": "view_logentry"}}, {"model": "auth.permission", "pk": 5, "fields": {"name": "Can add permission", "content_type": 2, "codename": "add_permission"}}, {"model": "auth.permission", "pk": 6, "fields": {"name": "Can change permission", "content_type": 2, "codename": "change_permission"}}, {"model": "auth.permission", "pk": 7, "fields": {"name": "Can delete permission", "content_type": 2, "codename": "delete_permission"}}, {"model": "auth.permission", "pk": 8, "fields": {"name": "Can view permission", "content_type": 2, "codename": "view_permission"}}, {"model": "auth.permission", "pk": 9, "fields": {"name": "Can add group", "content_type": 3, "codename": "add_group"}}, {"model": "auth.permission", "pk": 10, "fields": {"name": "Can change group", "content_type": 3, "codename": "change_group"}}, {"model": "auth.permission", "pk": 11, "fields": {"name": "Can delete group", "content_type": 3, "codename": "delete_group"}}, {"model": "auth.permission", "pk": 12, "fields": {"name": "Can view group", "content_type": 3, "codename": "view_group"}}, {"model": "auth.permission", "pk": 13, "fields": {"name": "Can add content type", "content_type": 4, "codename": "add_contenttype"}}, {"model": "auth.permission", "pk": 14, "fields": {"name": "Can change content type", "content_type": 4, "codename": "change_contenttype"}}, {"model": "auth.permission", "pk": 15, "fields": {"name": "Can delete content type", "content_type": 4, "codename": "delete_contenttype"}}, {"model": "auth.permission", "pk": 16, "fields": {"name": "Can view content type", "content_type": 4, "codename": "view_contenttype"}}, {"model": "auth.permission", "pk": 17, "fields": {"name": "Can add session", "content_type": 5, "codename": "add_session"}}, {"model": "auth.permission", "pk": 18, "fields": {"name": "Can change session", "content_type": 5, "codename": "change_session"}}, {"model": "auth.permission", "pk": 19, "fields": {"name": "Can delete session", "content_type": 5, "codename": "delete_session"}}, {"model": "auth.permission", "pk": 20, "fields": {"name": "Can view session", "content_type": 5, "codename": "view_session"}}, {"model": "auth.permission", "pk": 21, "fields": {"name": "Can add user", "content_type": 6, "codename": "add_user"}}, {"model": "auth.permission", "pk": 22, "fields": {"name": "Can change user", "content_type": 6, "codename": "change_user"}}, {"model": "auth.permission", "pk": 23, "fields": {"name": "Can delete user", "content_type": 6, "codename": "delete_user"}}, {"model": "auth.permission", "pk": 24, "fields": {"name": "Can view user", "content_type": 6, "codename": "view_user"}}, {"model": "auth.permission", "pk": 25, "fields": {"name": "Can add category", "content_type": 7, "codename": "add_category"}}, {"model": "auth.permission", "pk": 26, "fields": {"name": "Can change category", "content_type": 7, "codename": "change_category"}}, {"model": "auth.permission", "pk": 27, "fields": {"name": "Can delete category", "content_type": 7, "codename": "delete_category"}}, {"model": "auth.permission", "pk": 28, "fields": {"name": "Can view category", "content_type": 7, "codename": "view_category"}}, {"model": "auth.permission", "pk": 29, "fields": {"name": "Can add genre", "content_type": 8, "codename": "add_genre"}}, {"model": "auth.permission", "pk": 30, "fields": {"name": "Can change genre", "content_type": 8, "codename": "change_genre"}}, {"model": "auth.permission", "pk": 31, "fields": {"name": "Can delete genre", "content_type": 8, "codename": "delete_genre"}}, {"model": "auth.permission", "pk": 32, "fields": {"name": "Can view genre", "content_type": 8, "codename": "view_genre"}}, {"model": "auth.permission", "pk": 33, "fields": {"name": "Can add genre title", "content_type": 9, "codename": "add_genretitle"}}, {"model": "auth.permission", "pk": 34, "fields": {"name": "Can change genre title", "content_type": 9, "codename": "change_genretitle"}}, {"model": "auth.permission", "pk": 35, "fields": {"name": "Can delete genre title", "content_type": 9, "codename": "delete_genretitle"}}, {"model": "auth.permission", "pk": 36, "fields": {"name": "Can view genre title", "content_type": 9, "codename": "view_genretitle"}}, {"model": "auth.permission", "pk": 37, "fields": {"name": "Can add title", "content_type": 10, "codename": "add_title"}}, {"model": "auth.permission", "pk": 38, "fields": {"name": "Can change title", "content_type": 10, "codename": "change_title"}}, {"model": "auth.permission", "pk": 39, "fields": {"name": "Can delete title", "content_type": 10, "codename": "delete_title"}}, {"model": "auth.permission", "pk": 40, "fields": {"name": "Can view title", "content_type": 10, "codename": "view_title"}}, {"model": "auth.permission", "pk": 41, "fields": {"name": "Can add review", "content_type": 11, "codename": "add_review"}}, {"model": "auth.permission", "pk": 42, "fields": {"name": "Can change review", "content_type": 11, "codename": "change_review"}}, {"model": "auth.permission", "pk": 43, "fields": {"name": "Can delete review", "content_type": 11, "codename": "delete_review"}}, {"model": "auth.permission", "pk": 44, "fields": {"name": "Can view review", "content_type": 11, "codename": "view_review"}}, {"model": "auth.permission", "pk": 45, "fields": {"name": "Can add comment", "content_type": 12, "codename": "add_comment"}}, {"model": "auth.permission", "pk": 46, "fields": {"name": "Can change comment", "content_type": 12, "codename": "change_comment"}}, {"model": "auth.permission", "pk": 47, "fields": {"name": "Can delete comment", "content_type": 12, "codename": "delete_comment"}}, {"model": "auth.permission", "pk": 48, "fields": {"name": "Can view comment", "content_type": 12, "codename": "view_comment"}}, {"model": "api.user", "pk": 1, "fields": {"password": "pbkdf2_sha256$180000$o61lI0SJRQ3O$L/r8K05+pDaQBQwxNhGJTaonG08xQjJIQhhHeE5uEPk=", "last_login": "2023-04-25T21:42:15.124", "is_superuser": true, "is_staff": true, "is_active": true, "date_joined": "2023-04-24T22:49:49", "username": "msmir", "email": "msmir@inbox.ru", "role": "admin", "bio": "", "first_name": null, "last_name": null, "groups": [], "user_permissions": []}}, {"model": "api.user", "pk": 2, "fields": {"password": "pbkdf2_sha256$180000$hzI9wcxUJFt8$eui1UZl83ntYi/SflxnzFXFNp/yKDV1CgC49ntPJLLk=", "last_login": null, "is_superuser": false, "is_staff": false, "is_active": true, "date_joined": "2023-04-25T21:28:53", "username": "bingobongo", "email": "bingobongo@yamdb.fake", "role": "user", "bio": "", "first_name": null, "last_name": null, "groups": [], "user_permissions": []}}, {"model": "api.user", "pk": 3, "fields": {"password": "pbkdf2_sha256$180000$jt1HxB5lWmCE$FaY6FN2hKZIw/rr3eJA69QrekQ6VDrdfYR5RvgdioE4=", "last_login": null, "is_superuser": false, "is_staff": false, "is_active": true, "date_joined": "2023-04-25T21:29:36", "username": "capt_obvious", "email": "capt_obvious@yamdb.fake", "role": "admin", "bio": "", "first_name": null, "last_name": null, "groups": [], "user_permissions": []}}, {"model": "api.user", "pk": 4, "fields": {"password": "pbkdf2_sha256$180000$XSfAyNYOpEMx$wV2PBIPXG0gyW0m4jeeNOPLhSV3uKmDSznqkXAxA6dU=", "last_login": null, "is_superuser": false, "is_staff": false, "is_active": true, "date_joined": "2023-04-25T21:30:11", "username": "faust", "email": "faust@yamdb.fake", "role": "user", "bio": "", "first_name": null, "last_name": null, "groups": [], "user_permissions": []}}, {"model": "api.user", "pk": 5, "fields": {"password": "pbkdf2_sha256$180000$e14O43J2cEVq$bujcdvn3UH7tAj4w1ja8kZRM8JoAN1nQDhGxYRvA9Vc=", "last_login": null, "is_superuser": false, "is_staff": false, "is_active": true, "date_joined": "2023-04-25T21:30:34", "username": "reviewer", "email": "reviewer@yamdb.fake", "role": "user", "bio": "", "first_name": null, "last_name": null, "groups": [], "user_permissions": []}}, {"model": "api.user", "pk": 6, "fields": {"password": "pbkdf2_sha256$180000$aNulfyRcoSne$tQNPuHdQhfJ8lL/7Cn+ngmdEsqFKifWVr50l+KVgGtA=", "last_login": null, "is_superuser": false, "is_staff": false, "is_active": true, "date_joined": "2023-04-25T21:30:55", "username": "angry", "email": "angry@yamdb.fake", "role": "moderator", "bio": "", "first_name": null, "last_name": null, "groups": [], "user_permissions": []}}, {"model": "api.review", "pk": 136, "fields": {"title": 1, "text": "\"\u0421\u0442\u0430\u0432\u043b\u044e \u0434\u0435\u0441\u044f\u0442\u044c \u0437\u0432\u0451\u0437\u0434!\r\n...\u042d\u0442\u0438 \u0433\u043e\u043b\u043e\u0441\u0430 \u0431\u044b\u043b\u0438 \u0447\u0438\u0449\u0435 \u0438 \u0441\u0432\u0435\u0442\u043b\u0435\u0435 \u0442\u0435\u0445, \u043e \u043a\u043e\u0442\u043e\u0440\u044b\u0445 \u043c\u0435\u0447\u0442\u0430\u043b\u0438 \u0432 \u044d\u0442\u043e\u043c \u0441\u0435\u0440\u043e\u043c, \u0443\u0431\u043e\u0433\u043e\u043c \u043c\u0435\u0441\u0442\u0435. \u041a\u0430\u043a \u0431\u0443\u0434\u0442\u043e \u0434\u0432\u0435 \u043f\u0442\u0438\u0447\u043a\u0438 \u0432\u043b\u0435\u0442\u0435\u043b\u0438 \u0438 \u0441\u0432\u043e\u0438\u043c\u0438 \u0433\u043e\u043b\u043e\u0441\u0430\u043c\u0438 \u0440\u0430\u0437\u0432\u0435\u044f\u043b\u0438 \u0441\u0442\u0435\u043d\u044b \u043d\u0430\u0448\u0438\u0445 \u043a\u043b\u0435\u0442\u043e\u043a, \u0438 \u043d\u0430 \u043a\u043e\u0440\u043e\u0442\u043a\u0438\u0439 \u043c\u0438\u0433 \u043a\u0430\u0436\u0434\u044b\u0439 \u0447\u0435\u043b\u043e\u0432\u0435\u043a \u0432 \u0428\u043e\u0443\u0448\u0435\u043d\u043a\u0435 \u043f\u043e\u0447\u0443\u0432\u0441\u0442\u0432\u043e\u0432\u0430\u043b \u0441\u0435\u0431\u044f \u0441\u0432\u043e\u0431\u043e\u0434\u043d\u044b\u043c.\"", "author": 2, "score": 10, "pub_date": "2023-04-25T22:39:54.426"}}, {"model": "api.review", "pk": 169, "fields": {"title": 1, "text": "\"\u041d\u0435 \u043f\u0440\u0438\u0432\u044b\u043a\u0430\u0439\r\n\u00ab\u042d\u0442\u0438 \u0441\u0442\u0435\u043d\u044b \u0438\u043c\u0435\u044e\u0442 \u043e\u0434\u043d\u043e \u0441\u0432\u043e\u0439\u0441\u0442\u0432\u043e: \u0441\u043d\u0430\u0447\u0430\u043b\u0430 \u0442\u044b \u0438\u0445 \u043d\u0435\u043d\u0430\u0432\u0438\u0434\u0438\u0448\u044c, \u043f\u043e\u0442\u043e\u043c \u043f\u0440\u0438\u0432\u044b\u043a\u0430\u0435\u0448\u044c, \u0430 \u043f\u043e\u0442\u043e\u043c \u043d\u0435 \u043c\u043e\u0436\u0435\u0448\u044c \u0431\u0435\u0437 \u043d\u0438\u0445 \u0436\u0438\u0442\u044c\u00bb\"", "author": 3, "score": 10, "pub_date": "2023-04-25T22:40:52.736"}}, {"model": "api.review", "pk": 170, "fields": {"title": 2, "text": "\"\u0424\u0438\u043b\u044c\u043c, \u0440\u0430\u0437\u043e\u0431\u0440\u0430\u043d\u043d\u044b\u0439 \u043d\u0430 \u0446\u0438\u0442\u0430\u0442\u044b, \u0434\u043e\u0441\u0442\u043e\u0438\u043d \u0432\u044b\u0441\u0448\u0435\u0439 \u043e\u0446\u0435\u043d\u043a\u0438. \u0414\u0435\u0441\u044f\u0442\u044c \u0441 \u043f\u043b\u044e\u0441\u043e\u043c (\u0436\u0430\u043b\u044c, \u0442\u0443\u0442 \u043f\u043b\u044e\u0441\u0430 \u043d\u0435\u0442)\r\n\"\"\u0422\u044b \u043f\u0440\u0438\u0448\u0435\u043b \u0438 \u0433\u043e\u0432\u043e\u0440\u0438\u0448\u044c: \"\"\u0414\u043e\u043d \u041a\u043e\u0440\u043b\u0435\u043e\u043d\u0435, \u043c\u043d\u0435 \u043d\u0443\u0436\u043d\u0430 \u0441\u043f\u0440\u0430\u0432\u0435\u0434\u043b\u0438\u0432\u043e\u0441\u0442\u044c\"\". \u041d\u043e \u0442\u044b \u043f\u0440\u043e\u0441\u0438\u0448\u044c \u0431\u0435\u0437 \u0443\u0432\u0430\u0436\u0435\u043d\u0438\u044f, \u0442\u044b \u043d\u0435 \u043f\u0440\u0435\u0434\u043b\u0430\u0433\u0430\u0435\u0448\u044c \u0434\u0440\u0443\u0436\u0431\u0443, \u0442\u044b \u0434\u0430\u0436\u0435 \u043d\u0435 \u043d\u0430\u0437\u0432\u0430\u043b \u043c\u0435\u043d\u044f \u041a\u0440\u0435\u0441\u0442\u043d\u044b\u043c \u041e\u0442\u0446\u043e\u043c.\"\"\"", "author": 4, "score": 10, "pub_date": "2023-04-25T22:41:34.435"}}, {"model": "api.review", "pk": 171, "fields": {"title": 2, "text": "\"\u0416\u0435\u0441\u0442\u043e\u043a\u0438\u0439, \u0436\u0435\u0441\u0442\u043e\u043a\u0438\u0439, \u0436\u0435\u0441\u0442\u043e\u043a\u0438\u0439 \u043c\u0438\u0440, \u043d\u0435 \u043e \u0442\u0430\u043a\u043e\u043c \u043c\u0435\u0447\u0442\u0430\u043b\u0438 \u043c\u044b \u0432 \u0434\u0435\u0442\u0441\u0442\u0432\u0435!!111\r\n***\u041e\u0442\u0435\u0446 \u0441\u0434\u0435\u043b\u0430\u043b \u0435\u043c\u0443 \u043f\u0440\u0435\u0434\u043b\u043e\u0436\u0435\u043d\u0438\u0435, \u043e\u0442 \u043a\u043e\u0442\u043e\u0440\u043e\u0433\u043e \u043e\u043d \u043d\u0435 \u0441\u043c\u043e\u0433 \u043e\u0442\u043a\u0430\u0437\u0430\u0442\u044c\u0441\u044f. \u041b\u0443\u043a\u0430 \u0411\u0440\u0430\u0437\u0438 \u0434\u0435\u0440\u0436\u0430\u043b \u043f\u0438\u0441\u0442\u043e\u043b\u0435\u0442 \u0443 \u0435\u0433\u043e \u0432\u0438\u0441\u043a\u0430, \u0438 \u043e\u0442\u0435\u0446 \u043f\u0440\u0435\u0434\u043b\u043e\u0436\u0438\u043b \u0432\u044b\u0431\u043e\u0440: \u043b\u0438\u0431\u043e \u043d\u0430 \u043a\u043e\u043d\u0442\u0440\u0430\u043a\u0442\u0435 \u043c\u043e\u0437\u0433\u0438, \u043b\u0438\u0431\u043e \u043f\u043e\u0434\u043f\u0438\u0441\u044c.***\"", "author": 5, "score": 1, "pub_date": "2023-04-25T22:41:34.436"}}, {"model": "api.review", "pk": 172, "fields": {"title": 2, "text": "\"\u042d\u0442\u043e \u043c\u043e\u0438 \u0441\u043e\u0441\u0435\u0434\u0438! \u0421\u0442\u0430\u0432\u043b\u044e \u0442\u0440\u0438 \u0437\u0432\u0435\u0437\u0434\u044b \u0437\u0430 \u0442\u043e, \u0447\u0442\u043e \u043e\u043d\u0438 \u0434\u0432\u0430\u0436\u0434\u044b \u043e\u0442\u0434\u0430\u0432\u0438\u043b\u0438 \u043c\u043d\u0435 \u043e\u043a\u043d\u043e\u043c \u043f\u0430\u043b\u044c\u0446\u044b:\r\n----------------------\r\n\u2014 \u0412\u044b \u0436\u0438\u0432\u0451\u0442\u0435 \u0432 \u043f\u043b\u043e\u0445\u043e\u043c \u0440\u0430\u0439\u043e\u043d\u0435?\r\n\u2014 \u041d\u0435 \u0442\u043e \u0441\u043b\u043e\u0432\u043e. \u041e\u0434\u043d\u0430\u0436\u0434\u044b \u0441 \u043d\u0430\u0448\u0435\u0439 \u0443\u043b\u0438\u0446\u044b \u0443\u0433\u043d\u0430\u043b\u0438 \u043f\u043e\u043b\u0438\u0446\u0435\u0439\u0441\u043a\u0443\u044e \u043c\u0430\u0448\u0438\u043d\u0443 \u0441 \u0434\u0432\u0443\u043c\u044f \u043f\u043e\u043b\u0438\u0446\u0435\u0439\u0441\u043a\u0438\u043c\u0438. \u0412 \u0434\u043e\u043c \u0432\u0441\u0451 \u0432\u0440\u0435\u043c\u044f \u043b\u0435\u0437\u0443\u0442 \u0432\u043e\u0440\u044b. \u041a\u0430\u0436\u0434\u044b\u0439 \u0440\u0430\u0437, \u043a\u0430\u043a \u044f \u043f\u044b\u0442\u0430\u044e\u0441\u044c \u0437\u0430\u043a\u0440\u044b\u0442\u044c \u043e\u043a\u043d\u043e, \u043f\u0440\u0438\u0449\u0435\u043c\u043b\u044f\u044e \u043a\u043e\u043c\u0443-\u043d\u0438\u0431\u0443\u0434\u044c \u043f\u0430\u043b\u044c\u0446\u044b.\"", "author": 6, "score": 3, "pub_date": "2023-04-25T22:41:50.048"}}, {"model": "api.review", "pk": 173, "fields": {"title": 5, "text": "\"\u0412\u0441\u0451, \u043a\u0430\u043a \u0432 \u0440\u0430\u0437\u043d\u044b\u0445 \u044f\u0437\u044b\u043a\u0430\u0445 \u043f\u0440\u043e\u0433\u0440\u0430\u043c\u043c\u0438\u0440\u043e\u0432\u0430\u043d\u0438\u044f! \u0412 \u043e\u0441\u043d\u043e\u0432\u043d\u043e\u043c \u2014 \u043f\u043e\u0445\u043e\u0436\u0435, \u043d\u043e \u0432\u043e\u0442 \u044d\u0442\u0438 \u043c\u0430\u043b\u0435\u043d\u044c\u043a\u0438\u0435 \u0440\u0430\u0437\u043b\u0438\u0447\u0438\u044f \u0432\u044b\u0432\u043e\u0434\u044f\u0442 \u0438\u0437 \u0441\u0435\u0431\u044f. \r\n\u0412\u0435\u043b\u0438\u043a\u0438\u0439 \u0444\u0438\u043b\u044c\u043c \u043d\u0430 \u0432\u0441\u0435 \u0441\u043b\u0443\u0447\u0430\u0438 \u0436\u0438\u0437\u043d\u0438!\r\n=====================================================\r\n\u2014 \u0410 \u0437\u043d\u0430\u0435\u0448\u044c, \u043a\u0430\u043a \u0432 \u041f\u0430\u0440\u0438\u0436\u0435 \u043d\u0430\u0437\u044b\u0432\u0430\u044e\u0442 \u0447\u0435\u0442\u0432\u0435\u0440\u0442\u044c\u0444\u0443\u043d\u0442\u043e\u0432\u044b\u0439 \u0447\u0438\u0437\u0431\u0443\u0440\u0433\u0435\u0440?\r\n\u2014 \u0427\u0442\u043e, \u043e\u043d\u0438 \u043d\u0435 \u0437\u043e\u0432\u0443\u0442 \u0435\u0433\u043e \u0447\u0435\u0442\u0432\u0435\u0440\u0442\u044c\u0444\u0443\u043d\u0442\u043e\u0432\u044b\u0439 \u0447\u0438\u0437\u0431\u0443\u0440\u0433\u0435\u0440?\r\n\u2014 \u0423 \u043d\u0438\u0445 \u0442\u0430\u043c \u043c\u0435\u0442\u0440\u0438\u0447\u0435\u0441\u043a\u0430\u044f \u0441\u0438\u0441\u0442\u0435\u043c\u0430. \u041e\u043d\u0438 \u0432\u043e\u043e\u0431\u0449\u0435 \u0442\u0430\u043c \u043d\u0435 \u043f\u043e\u043d\u0438\u043c\u0430\u044e\u0442, \u0447\u0442\u043e \u0437\u0430 \u0445\u0440\u0435\u043d \u0447\u0435\u0442\u0432\u0435\u0440\u0442\u044c \u0444\u0443\u043d\u0442\u0430.\r\n\u2014 \u0418 \u043a\u0430\u043a \u043e\u043d\u0438 \u0435\u0433\u043e \u0437\u043e\u0432\u0443\u0442?\r\n\u2014 \u041e\u043d\u0438 \u0437\u043e\u0432\u0443\u0442 \u0435\u0433\u043e \u00ab\u0420\u043e\u044f\u043b \u0447\u0438\u0437\u0431\u0443\u0440\u0433\u0435\u0440\u00bb.\r\n\u2014 \u00ab\u0420\u043e\u044f\u043b \u0447\u0438\u0437\u0431\u0443\u0440\u0433\u0435\u0440\u00bb? \u0410 \u043a\u0430\u043a \u0436\u0435 \u0442\u043e\u0433\u0434\u0430 \u043e\u043d\u0438 \u0437\u043e\u0432\u0443\u0442 \u00ab\u0411\u0438\u0433 \u041c\u0430\u043a\u00bb?\r\n\u2014 \u00ab\u0411\u0438\u0433 \u041c\u0430\u043a\u00bb \u044d\u0442\u043e \u00ab\u0411\u0438\u0433 \u041c\u0430\u043a\u00bb, \u0442\u043e\u043b\u044c\u043a\u043e \u043e\u043d\u0438 \u043d\u0430\u0437\u044b\u0432\u0430\u044e\u0442 \u0435\u0433\u043e \u00ab\u041b\u0451 \u0411\u0438\u0433 \u041c\u0430\u043a\u00bb.\"", "author": 2, "score": 8, "pub_date": "2023-04-25T22:42:21.572"}}, {"model": "api.review", "pk": 174, "fields": {"title": 5, "text": "\u041d\u0438\u0447\u0435\u0433\u043e \u043d\u0435 \u043f\u043e\u043d\u044f\u0442\u043d\u043e. \u041e\u043d\u0438 \u0442\u0430\u043c \u0447\u0442\u043e, \u0441\u0442\u0440\u0430\u043d\u0438\u0446\u044b \u0441\u0446\u0435\u043d\u0430\u0440\u0438\u044f \u043f\u0435\u0440\u0435\u043f\u0443\u0442\u0430\u043b\u0438? \u0415\u0433\u043e \u0441\u043f\u0435\u0440\u0432\u0430 \u0443\u0431\u0438\u043b\u0438, \u0430 \u043f\u043e\u0442\u043e\u043c \u043e\u043d \u043e\u043f\u044f\u0442\u044c \u0436\u0438\u0432, \u0430 \u043e\u043d\u0438 \u0441\u043f\u0435\u0440\u0432\u0430 \u0432 \u0444\u0443\u0442\u0431\u043e\u043b\u043a\u0430\u0445, \u043f\u043e\u0442\u043e\u043c \u0432 \u043a\u043e\u0441\u0442\u044e\u043c\u0430\u0445, \u0430 \u043f\u043e\u0442\u043e\u043c \u043e\u043f\u044f\u0442\u044c \u0432 \u0444\u0443\u0442\u0431\u043e\u043b\u043a\u0430\u0445. \u0415\u0440\u0443\u043d\u0434\u0430 \u043f\u043e\u043b\u043d\u0430\u044f", "author": 3, "score": 1, "pub_date": "2023-04-25T22:42:21.573"}}, {"model": "api.review", "pk": 175, "fields": {"title": 5, "text": "\"\u041e\u0447\u0435\u043d\u044c \u043f\u043e\u0443\u0447\u0438\u0442\u0435\u043b\u044c\u043d\u044b\u0439 \u0444\u0438\u043b\u044c\u043c \u043e \u0442\u043e\u043c, \u0447\u0442\u043e \u0442\u0430\u043a\u043e\u0435 \u0445\u043e\u0440\u043e\u0448\u043e, \u0447\u0442\u043e \u0442\u0430\u043a\u043e\u0435 \u043f\u043b\u043e\u0445\u043e \u0438 \u043f\u043e\u0447\u0435\u043c\u0443 \u043d\u0435 \u043d\u0430\u0434\u043e \u0447\u0438\u0442\u0430\u0442\u044c \u0432 \u0442\u0443\u0430\u043b\u0435\u0442\u0435.\r\n\u0422\u0432\u0435\u0440\u0434\u0430\u044f \u0432\u043e\u0441\u044c\u043c\u0451\u0440\u043a\u0430\"", "author": 4, "score": 8, "pub_date": "2023-04-25T22:42:21.573"}}, {"model": "api.review", "pk": 176, "fields": {"title": 6, "text": "\"\u041f\u043e\u0441\u043c\u043e\u0442\u0440\u0435\u043b \u0444\u0438\u043b\u044c\u043c. \r\n\u2014 \u041d\u0430 \u0441\u0432\u0435\u0442\u0435 \u0435\u0441\u0442\u044c \u0434\u0432\u0430 \u0442\u0438\u043f\u0430 \u043b\u044e\u0434\u0435\u0439: \u0442\u0435, \u043a\u0442\u043e \u043a\u043e\u043f\u0430\u0435\u0442 \u0438 \u0442\u0435, \u0443 \u043a\u043e\u0433\u043e \u0437\u0430\u0440\u044f\u0436\u0435\u043d \u0440\u0435\u0432\u043e\u043b\u044c\u0432\u0435\u0440.\r\n\u041f\u043e\u0439\u0434\u0443 \u043a\u043e\u043f\u0430\u0442\u044c, \u043a\u0430\u043a \u0432\u0435\u043b\u0435\u043b \u041a\u043b\u0438\u043d\u0442. \r\n\u0414\u0435\u0432\u044f\u0442\u044c \u0431\u0430\u043b\u043b\u043e\u0432.\"", "author": 5, "score": 9, "pub_date": "2023-04-25T22:42:53.445"}}, {"model": "api.review", "pk": 177, "fields": {"title": 6, "text": "\"\u0412\u0435\u0447\u043d\u0430\u044f \u043f\u0440\u043e\u0431\u043b\u0435\u043c\u0430 \u0432\u0441\u0435\u0445 \u0437\u043b\u043e\u0434\u0435\u0435\u0432, \u0431\u043e\u043b\u0442\u0430\u044e\u0449\u0438\u0445-\u0431\u043e\u043b\u0442\u0430\u044e\u0449\u0438\u0445-\u0431\u043e\u043b\u0442\u0430\u044e\u0449\u0438\u0445 \u0432\u043c\u0435\u0441\u0442\u043e \u0442\u043e\u0433\u043e, \u0447\u0442\u043e\u0431\u044b \u043f\u0440\u043e\u0441\u0442\u043e \u0437\u0430\u0441\u0442\u0440\u0435\u043b\u0438\u0442\u044c \u043f\u0440\u043e\u0442\u0438\u0432\u043d\u0438\u043a\u0430, \u043e\u0434\u043d\u0438\u043c \u043c\u0430\u0445\u043e\u043c \u0440\u0435\u0448\u0435\u043d\u0430 \u0432 \u044d\u0442\u043e\u0439 \u0441\u0446\u0435\u043d\u0435.\r\n\u0417\u0430 \u043e\u0434\u043d\u043e \u044d\u0442\u043e \u0444\u0438\u043b\u044c\u043c \u0437\u0430\u0441\u043b\u0443\u0436\u0438\u0432\u0430\u0435\u0442 \u0432\u044b\u0441\u0448\u0435\u0433\u043e \u0431\u0430\u043b\u043b\u0430\r\n\"\"\u041f\u0440\u0438\u0448\u0435\u043b \u0441\u0442\u0440\u0435\u043b\u044f\u0442\u044c - \u0441\u0442\u0440\u0435\u043b\u044f\u0439, \u0430 \u043d\u0435 \u0431\u043e\u043b\u0442\u0430\u0439!\"\"\"", "author": 6, "score": 10, "pub_date": "2023-04-25T22:42:53.446"}}, {"model": "api.review", "pk": 178, "fields": {"title": 6, "text": "\u0424\u0438\u043b\u044c\u043c \u043f\u0440\u043e \u0436\u0430\u0434\u043d\u044b\u0445, \u043a\u043e\u0440\u044b\u0441\u0442\u043d\u044b\u0445, \u0433\u0440\u044f\u0437\u043d\u044b\u0445 \u0438 \u0431\u0435\u0437\u043d\u0440\u0430\u0432\u0441\u0442\u0432\u0435\u043d\u043d\u044b\u0445 \u043b\u044e\u0434\u0435\u0439, \u0447\u0435\u043c\u0443 \u043e\u043d \u043c\u043e\u0436\u0435\u0442 \u043d\u0430\u0443\u0447\u0438\u0442\u044c \u0437\u0440\u0438\u0442\u0435\u043b\u044f?!!", "author": 2, "score": 2, "pub_date": "2023-04-25T22:42:53.446"}}, {"model": "api.review", "pk": 179, "fields": {"title": 14, "text": "\"\u041d\u0435\u0434\u0430\u0432\u043d\u043e \u0438\u043c\u0435\u043d\u043d\u043e \u0442\u0430\u043a \u044f \u0438\u0437\u043e\u0431\u0440\u0451\u043b \u0432\u0435\u0447\u043d\u044b\u0439 \u0434\u0432\u0438\u0433\u0430\u0442\u0435\u043b\u044c! \u0427\u0438\u0441\u0442\u0430\u044f \u043f\u0440\u0430\u0432\u0434\u0430 \u0432 \u0444\u0438\u043b\u044c\u043c\u0435, \u043f\u043e\u0447\u0435\u043c\u0443 \u043e\u043d \u043d\u0430\u0437\u0432\u0430\u043d \"\"\u0444\u0430\u043d\u0442\u0430\u0441\u0442\u0438\u043a\u043e\u0439\"\", \u044d\u0442\u043e \u0436\u0435 \u043f\u043e\u043b\u043d\u0435\u0439\u0448\u0438\u0439 \u0440\u0435\u0430\u043b\u0438\u0437\u043c!\r\n\u0412\u043e\u0442 \u0446\u0438\u0442\u0430\u0442\u0430. \u041d\u043e \u0437\u0430\u0447\u0435\u043c \u0435\u043c\u0443 \u0447\u0430\u0441\u044b \u0432 \u0443\u0431\u043e\u0440\u043d\u043e\u0439?!\r\n\u2014 \u0412 \u0442\u043e\u0442 \u0434\u0435\u043d\u044c \u044f \u0438\u0437\u043e\u0431\u0440\u0451\u043b \u043f\u0443\u0442\u0435\u0448\u0435\u0441\u0442\u0432\u0438\u0435 \u0432\u043e \u0432\u0440\u0435\u043c\u0435\u043d\u0438! \u041a\u0430\u043a \u0441\u0435\u0439\u0447\u0430\u0441 \u043f\u043e\u043c\u043d\u044e\u2026 \u042f \u0441\u0442\u043e\u044f\u043b \u043d\u0430 \u0443\u043d\u0438\u0442\u0430\u0437\u0435 \u0438 \u0432\u0435\u0448\u0430\u043b \u0447\u0430\u0441\u044b. \u0412\u0434\u0440\u0443\u0433 \u043f\u043e\u0434\u0441\u043a\u043e\u043b\u044c\u0437\u043d\u0443\u043b\u0441\u044f, \u0443\u0434\u0430\u0440\u0438\u043b\u0441\u044f \u0433\u043e\u043b\u043e\u0432\u043e\u0439 \u043e \u0440\u0430\u043a\u043e\u0432\u0438\u043d\u0443\"", "author": 3, "score": 8, "pub_date": "2023-04-25T22:43:21.770"}}, {"model": "api.review", "pk": 180, "fields": {"title": 14, "text": "\"\u0412\u0435\u043b\u0438\u043a\u0438\u0439 \u0444\u0438\u043b\u044c\u043c, \u0436\u0430\u043b\u044c \u0442\u043e\u043b\u044c\u043a\u043e, \u0447\u0442\u043e \u0431\u0443\u0434\u0443\u0449\u0435\u0435, \u043a\u043e\u0442\u043e\u0440\u043e\u0435 \u0432 \u043d\u0451\u043c \u043f\u043e\u043a\u0430\u0437\u0430\u043d\u043e, \u0443\u0436\u0435 \u0432 \u043f\u0440\u043e\u0448\u043b\u043e\u043c. \u041d\u043e \u043f\u0440\u043e\u0431\u043b\u0435\u043c\u044b \u0432\u0441\u0451 \u0442\u0435\u0436\u0435, \u0432\u043e\u0442 \u043a\u0430\u043a \u044d\u0442\u0430, \u043d\u0430\u043f\u0440\u0438\u043c\u0435\u0440: \u00ab\u0414\u043e\u043a, \u043f\u043e\u0441\u043b\u0443\u0448\u0430\u0439, \u0432\u0441\u0451, \u0447\u0442\u043e \u043d\u0430\u043c \u043d\u0443\u0436\u043d\u043e \u2014 \u044d\u0442\u043e \u043d\u0435\u043c\u043d\u043e\u0433\u043e \u043f\u043b\u0443\u0442\u043e\u043d\u0438\u044f!\u00bb\r\n\u0412\u0441\u0435\u0433\u0434\u0430 \u043d\u0435 \u0445\u0432\u0430\u0442\u0430\u0435\u0442 \u043a\u0430\u043a\u043e\u0439-\u043d\u0438\u0431\u0443\u0434\u044c \u043c\u0435\u043b\u043e\u0447\u0438. \u0421\u0435\u043c\u0451\u0440\u043a\u0430 \u0437\u0430 \u0442\u043e, \u0447\u0442\u043e \u0431\u0443\u0434\u0443\u0449\u0435\u0435 \u043e\u043a\u0430\u0437\u0430\u043b\u043e\u0441\u044c \u043d\u0435 \u0442\u0430\u043a\u0438\u043c, \u043a\u0430\u043a \u043e\u0431\u0435\u0449\u0430\u043b\u0438.\"", "author": 4, "score": 7, "pub_date": "2023-04-25T22:43:21.771"}}, {"model": "api.review", "pk": 181, "fields": {"title": 14, "text": "\"\u0411\u0443\u0434\u0443\u0449\u0435\u0435 \u0432\u044b\u0433\u043b\u044f\u0434\u0438\u0442 \u0441\u0442\u0440\u0430\u043d\u043d\u043e \u0438 \u043d\u0435\u043e\u0436\u0438\u0434\u0430\u043d\u043d\u043e, \u0442\u043e\u0436\u0435 \u043c\u043d\u0435, \u0431\u0438\u043d\u043e\u043c \u041d\u044c\u044e\u0442\u043e\u043d\u0430. \u041d\u043e \u0434\u0438\u0430\u043b\u043e\u0433 \u043f\u0440\u0435\u043a\u0440\u0430\u0441\u0435\u043d, \u0438 \u0437\u0430 \u044d\u0442\u043e \u043d\u0435 \u0441\u0442\u0430\u043d\u0443 \u0441\u0438\u043b\u044c\u043d\u043e \u043c\u0438\u043d\u0443\u0441\u043e\u0432\u0430\u0442\u044c.\r\n-- Then tell me, future boy, who's President of the United States in 1985?\r\n-- Ronald Reagan.\r\n-- Ronald Reagan? The actor? Then who's vice president? Jerry Lewis?\"", "author": 5, "score": 4, "pub_date": "2023-04-25T22:43:21.772"}}, {"model": "api.review", "pk": 182, "fields": {"title": 17, "text": "\u041d\u0435\u0443\u0436\u0435\u043b\u0438 \u0438\u0437 \u0442\u044e\u0440\u044c\u043c\u044b \u0442\u0430\u043a \u043b\u0435\u0433\u043a\u043e \u0431\u044b\u043b\u043e \u0441\u0431\u0435\u0436\u0430\u0442\u044c? \u0420\u0430\u0437 - \u0438 \u0442\u044b \u043d\u0430 \u0441\u0432\u043e\u0431\u043e\u0434\u0435. \u0414\u0430, \u043f\u043e\u0431\u0435\u0433 \u0438\u0437 \u0428\u043e\u0443\u0448\u0435\u043d\u043a\u0430 \u043f\u0440\u0438\u0448\u043b\u043e\u0441\u044c \u0433\u043e\u0442\u043e\u0432\u0438\u0442\u044c \u043d\u0435\u043c\u043d\u043e\u0433\u043e \u0434\u043e\u043b\u044c\u0448\u0435. \u041f\u044f\u0442\u044c \u0437\u0430 \u0441\u043e\u0446\u0440\u0435\u0430\u043b\u0438\u0437\u043c", "author": 6, "score": 5, "pub_date": "2023-04-25T22:43:57.686"}}, {"model": "api.review", "pk": 183, "fields": {"title": 3, "text": "\u0421\u0445\u043e\u0434\u0438\u043b\u0430 \u0432 \u043a\u0438\u043d\u043e, \u0440\u0435\u0448\u0438\u043b\u0430 \u043d\u0430\u043f\u0438\u0441\u0430\u0442\u044c: \u0434\u0440\u0430\u0439\u0432 \u0438 \u043e\u0433\u043e\u043d\u044c, \u043d\u043e \u0438\u043d\u043e\u0433\u0434\u0430 \u043a\u0430\u043a\u043e\u0439-\u0442\u043e \u0431\u0440\u0435\u0434 \u043d\u0430 \u044d\u043a\u0440\u0430\u043d\u0435. \u0412 \u0441\u0435\u0440\u0435\u0434\u0438\u043d\u0435 \u0444\u0438\u043b\u044c\u043c\u0430 \u043f\u0440\u043e\u0441\u0442\u043e \u043e\u0442\u043b\u0438\u0447\u043d\u044b\u0435 \u0434\u0438\u0430\u043b\u043e\u0433\u0438! \u041f\u0443\u0441\u0442\u044c \u0431\u0443\u0434\u0435\u0442 7", "author": 2, "score": 7, "pub_date": "2023-04-25T22:44:20.946"}}, {"model": "api.review", "pk": 184, "fields": {"title": 3, "text": "\u0421\u043c\u043e\u0442\u0440\u0435\u043b, \u043d\u0435 \u043e\u0442\u0440\u044b\u0432\u0430\u044f\u0441\u044c, \u0445\u043e\u0447\u0443 \u043e\u043f\u0438\u0441\u0430\u0442\u044c \u0441\u0432\u043e\u0438 \u0432\u043f\u0435\u0447\u0430\u0442\u043b\u0435\u043d\u0438\u044f. \u041f\u043e \u043c\u043e\u0435\u043c\u0443 \u043c\u043d\u0435\u043d\u0438\u044e, \u0441\u0446\u0435\u043d\u0430\u0440\u0438\u0439 \u043f\u043e\u0434\u043a\u0430\u0447\u0430\u043b, \u0437\u0430\u0442\u043e \u043f\u043e\u0434\u0431\u043e\u0440 \u0430\u043a\u0442\u0451\u0440\u043e\u0432 - \u0441\u0443\u043f\u0435\u0440. \u041d\u0430\u0447\u0430\u043b\u043e \u043d\u0435\u043c\u043d\u043e\u0433\u043e \u0437\u0430\u0442\u044f\u043d\u0443\u0442\u043e. \u041e\u043f\u0435\u0440\u0430\u0442\u043e\u0440\u0443 - \u041e\u0441\u043a\u0430\u0440\u0430! \u0412\u0441\u0451 \u043e\u0441\u0442\u0430\u043b\u044c\u043d\u043e\u0435 - \u043d\u0435 \u043e\u0447\u0435\u043d\u044c. \u0424\u0438\u043b\u044c\u043c \u0442\u044f\u043d\u0435\u0442 \u043d\u0430 8 \u0438\u0437 10", "author": 3, "score": 8, "pub_date": "2023-04-25T22:44:20.946"}}, {"model": "api.review", "pk": 185, "fields": {"title": 4, "text": "\u0421\u043a\u0430\u0447\u0430\u043b, \u043f\u043e\u0441\u043c\u043e\u0442\u0440\u0435\u043b, \u0434\u0443\u043c\u0430\u044e, \u0447\u0442\u043e \u0430\u043a\u0442\u0451\u0440\u044b \u0442\u0430\u043a \u0441\u0435\u0431\u0435, \u0441\u0446\u0435\u043d\u0430\u0440\u0438\u0439 \u0445\u043e\u0440\u043e\u0448\u0438\u0439. \u0414\u0438\u0430\u043b\u043e\u0433\u0438 \u043f\u0440\u0435\u043a\u0440\u0430\u0441\u043d\u044b\u0435, \u0442\u0430\u043a \u0447\u0442\u043e \u043f\u0443\u0441\u0442\u044c \u0431\u0443\u0434\u0435\u0442 \u0432\u043e\u0441\u0435\u043c\u044c \u0437\u0432\u0435\u0437\u0434", "author": 4, "score": 8, "pub_date": "2023-04-25T22:44:46.697"}}, {"model": "api.review", "pk": 186, "fields": {"title": 4, "text": "\u041f\u043e\u0441\u043c\u043e\u0442\u0440\u0435\u043b. \u041f\u043e \u043c\u043e\u0435\u043c\u0443 \u043c\u043d\u0435\u043d\u0438\u044e, \u0430\u043a\u0442\u0451\u0440\u044b \u0442\u0430\u043a \u0441\u0435\u0431\u0435, \u043d\u043e \u0441\u0446\u0435\u043d\u0430\u0440\u0438\u0439 \u0445\u043e\u0440\u043e\u0448\u0438\u0439. \u041f\u0435\u0440\u0432\u0443\u044e \u043f\u043e\u043b\u043e\u0432\u0438\u043d\u0443 \u0444\u0438\u043b\u044c\u043c\u0430 \u043c\u043e\u0436\u043d\u043e \u0441\u043f\u0430\u0442\u044c, \u043d\u0435 \u043e\u043f\u0430\u0441\u0430\u044f\u0441\u044c, \u0447\u0442\u043e \u0447\u0442\u043e-\u0442\u043e \u043f\u0440\u043e\u043f\u0443\u0441\u0442\u0438\u0448\u044c. \u041d\u0435 \u0440\u0430\u0437\u0434\u0443\u043c\u044b\u0432\u0430\u044f, \u0441\u0442\u0430\u0432\u043b\u044e \u0443\u0432\u0435\u0440\u0435\u043d\u043d\u0443\u044e \u0434\u0435\u0441\u044f\u0442\u043a\u0443", "author": 5, "score": 10, "pub_date": "2023-04-25T22:44:46.697"}}, {"model": "api.review", "pk": 187, "fields": {"title": 7, "text": "\u0421\u043a\u0430\u0436\u0443 \u0442\u0435\u043c, \u043a\u0442\u043e \u0435\u0449\u0451 \u043d\u0435 \u0441\u043c\u043e\u0442\u0440\u0435\u043b: \u0435\u0441\u043b\u0438 \u0431\u044b \u044f \u0431\u044b\u043b \u0440\u0435\u0436\u0438\u0441\u0441\u0451\u0440\u043e\u043c \u044d\u0442\u043e\u0433\u043e \u0444\u0438\u043b\u044c\u043c\u0430 - \u044f \u0431\u044b \u043d\u0435 \u0433\u043e\u0440\u0434\u0438\u043b\u0441\u044f. \u041e\u043f\u0435\u0440\u0430\u0442\u043e\u0440\u0430 \u0443\u0432\u043e\u043b\u0438\u0442\u044c, \u0444\u0438\u043b\u044c\u043c \u043f\u043e\u043b\u0443\u0447\u0438\u043b\u0441\u044f \u0442\u0430\u043a \u0441\u0435\u0431\u0435, \u043d\u043e \u043e\u0434\u0438\u043d \u0440\u0430\u0437 \u043f\u043e\u0441\u043c\u043e\u0442\u0440\u0435\u0442\u044c - \u0441\u043e\u0439\u0434\u0451\u0442. \u0410\u0432\u0442\u043e\u0440\u044b \u0447\u0435\u0441\u0442\u043d\u043e \u0437\u0430\u0441\u043b\u0443\u0436\u0438\u043b\u0438 5 \u0438\u0437 10", "author": 6, "score": 5, "pub_date": "2023-04-25T22:45:12.345"}}, {"model": "api.review", "pk": 188, "fields": {"title": 7, "text": "\u0421\u043a\u0430\u0447\u0430\u043b, \u043f\u043e\u0441\u043c\u043e\u0442\u0440\u0435\u043b, \u0434\u0443\u043c\u0430\u044e, \u0447\u0442\u043e \u0441\u0446\u0435\u043d\u0430\u0440\u0438\u0439 \u043f\u043e\u0434\u043a\u0430\u0447\u0430\u043b, \u0437\u0430\u0442\u043e \u043f\u043e\u0434\u0431\u043e\u0440 \u0430\u043a\u0442\u0451\u0440\u043e\u0432 - \u0441\u0443\u043f\u0435\u0440. \u041d\u0430\u0447\u0430\u043b\u043e \u043d\u0435\u043c\u043d\u043e\u0433\u043e \u0437\u0430\u0442\u044f\u043d\u0443\u0442\u043e, \u0434\u0430 \u0438 \u0432\u043e\u043e\u0431\u0449\u0435 \u043d\u0435 \u043e\u0447\u0435\u043d\u044c. \u0424\u0438\u043b\u044c\u043c \u0435\u0434\u0432\u0430 \u0442\u044f\u043d\u0435\u0442 \u043d\u0430 4", "author": 2, "score": 4, "pub_date": "2023-04-25T22:45:12.346"}}, {"model": "api.review", "pk": 189, "fields": {"title": 8, "text": "\u041c\u043d\u0435 \u043a\u0430\u0436\u0435\u0442\u0441\u044f, \u0447\u0442\u043e \u044f \u0432\u043f\u0443\u0441\u0442\u0443\u044e \u043f\u043e\u0442\u0435\u0440\u044f\u043b \u0432\u0440\u0435\u043c\u044f. \u0421\u0442\u0430\u0432\u043b\u044e 2", "author": 3, "score": 2, "pub_date": "2023-04-25T22:45:36.268"}}, {"model": "api.review", "pk": 190, "fields": {"title": 8, "text": "\u041f\u043e\u0441\u043c\u043e\u0442\u0440\u0435\u043b\u0430. \u0410\u043a\u0442\u0451\u0440\u044b \u0442\u0430\u043a \u0441\u0435\u0431\u0435, \u0441\u0446\u0435\u043d\u0430\u0440\u0438\u0439 \u0445\u043e\u0440\u043e\u0448\u0438\u0439. \u0423\u0441\u043d\u0443\u043b\u0430 \u043a \u0441\u0435\u0440\u0435\u0434\u0438\u043d\u0435. \u041d\u0435 \u0440\u0430\u0437\u0434\u0443\u043c\u044b\u0432\u0430\u044f, \u0441\u0442\u0430\u0432\u043b\u044e \u0434\u0432\u043e\u0439\u043a\u0443", "author": 4, "score": 2, "pub_date": "2023-04-25T22:45:36.268"}}, {"model": "api.review", "pk": 191, "fields": {"title": 9, "text": "\u0412\u0441\u0435 \u043e\u0447\u0435\u043d\u044c \u0434\u043e\u043b\u0433\u043e \u0436\u0434\u0430\u043b\u0438 \u043f\u0440\u0435\u043c\u044c\u0435\u0440\u0443 \u0444\u0438\u043b\u044c\u043c\u0430,\u0438 \u043d\u0430\u043a\u043e\u043d\u0435\u0446 \u0434\u043e\u0436\u0434\u0430\u043b\u0438\u0441\u044c.\u0424\u0438\u043b\u044c\u043c \u043e\u0442\u043b\u0438\u0447\u043d\u044b\u0439,\u0434\u043e\u0431\u0440\u044b\u0439,\u0441\u043c\u043e\u0442\u0440\u0438\u0442\u0441\u044f \u043f\u043e\u0447\u0442\u0438 \u043d\u0430 \u043e\u0434\u043d\u043e\u043c \u0434\u044b\u0445\u0430\u043d\u0438\u0438,\u0441 \u0437\u0430\u0432\u044f\u0437\u0430\u043d\u043d\u044b\u043c \u0441\u044e\u0436\u0435\u0442\u043e\u043c \u0438 \u043d\u0435 \u043c\u0435\u043d\u0435\u0435 \u043a\u0440\u0443\u0442\u043e\u0439 \u043c\u0443\u0437\u044b\u043a\u043e\u0439.\u041a\u0438\u043d\u043e \u043e\u0447\u0435\u043d\u044c \u043f\u043e\u043d\u0440\u0430\u0432\u0438\u043b\u043e\u0441\u044c!!!\u0412\u0441\u0435\u043c \u0441\u043e\u0432\u0435\u0442\u0443\u044e.", "author": 5, "score": 10, "pub_date": "2023-04-25T22:46:08.191"}}, {"model": "api.review", "pk": 192, "fields": {"title": 9, "text": "\u041e\u0442\u0441\u0442\u043e\u0439-\u0444\u0438\u043b\u044c\u043c. \u041d\u0435 \u0445\u043e\u0434\u0438\u0442\u0435", "author": 6, "score": 1, "pub_date": "2023-04-25T22:46:08.191"}}, {"model": "api.review", "pk": 193, "fields": {"title": 9, "text": "\u0414\u043b\u044f \u043b\u044e\u0434\u0435\u0439, \u043a\u043e\u0442\u043e\u0440\u044b\u0435 \u0445\u043e\u0442\u044f\u0442 \u043f\u043e\u0441\u043c\u0435\u044f\u0442\u044c\u0441\u044f \u0438 \u043f\u043e\u043b\u0443\u0447\u0438\u0442\u044c \u043c\u043e\u0440\u0435 \u044d\u043c\u043e\u0446\u0438\u0439, \u0442\u043e\u0442 \u0441\u0430\u043c\u044b\u0439 \u0444\u0438\u043b\u044c\u043c. \u041c\u043d\u0435 \u043e\u0447\u0435\u043d\u044c \u043f\u043e\u043d\u0440\u0430\u0432\u0438\u043b\u0441\u044f.", "author": 2, "score": 10, "pub_date": "2023-04-25T22:46:08.192"}}, {"model": "api.review", "pk": 194, "fields": {"title": 10, "text": "\u041f\u0435\u0440\u0432\u044b\u0439 \u0440\u0430\u0437 \u0432 \u0436\u0438\u0437\u043d\u0438 \u0440\u0435\u0448\u0438\u043b\u0430 \u043d\u0430\u043f\u0438\u0441\u0430\u0442\u044c \u043e\u0442\u0437\u044b\u0432,\u0447\u0442\u043e\u0431\u044b \u043f\u0440\u0435\u0434\u043e\u0441\u0442\u0435\u0440\u0435\u0447\u044c \u043e\u0442 \u043f\u043e\u0442\u0435\u0440\u0438 \u0434\u0435\u043d\u0435\u0433 \u043d\u0430 \u0431\u0438\u043b\u0435\u0442 \u0438 \u0442\u0440\u0430\u0442\u044b \u0432\u0440\u0435\u043c\u0435\u043d\u0438 \u043d\u0430 \u043f\u0440\u043e\u0441\u043c\u043e\u0442\u0440. \u041a \u0438\u0433\u0440\u0435 \u0430\u043a\u0442\u0435\u0440\u043e\u0432 \u043f\u0440\u0435\u0442\u0435\u043d\u0437\u0438\u0439 \u043d\u0435\u0442", "author": 3, "score": 2, "pub_date": "2023-04-25T22:46:35.083"}}, {"model": "api.review", "pk": 195, "fields": {"title": 10, "text": "2 \u0447\u0430\u0441\u0430 \u0441\u043c\u043e\u0442\u0440\u044f\u0442\u0441\u044f \u043d\u0430 \u043e\u0434\u043d\u043e\u043c \u0434\u044b\u0445\u0430\u043d\u0438\u0438. \u0421\u043f\u0435\u0446\u044d\u0444\u0444\u0435\u043a\u0442\u044b \u043d\u0430 \u0443\u0440\u043e\u0432\u043d\u0435 \u0444\u0438\u043b\u044c\u043c\u043e\u0432 \u041c\u0430\u0440\u0432\u0435\u043b\u0430. \u0421\u043c\u043e\u0442\u0440\u0435\u043b\u0438 \u0432\u0441\u0435\u0439 \u0441\u0435\u043c\u044c\u0435\u0439. \u041f\u043e\u0441\u043c\u043e\u0442\u0440\u0435\u043b \u043d\u0435\u0441\u043a\u043e\u043b\u044c\u043a\u043e \u043e\u0442\u0437\u044b\u0432\u043e\u0432, \u043f\u043e\u043d\u044f\u043b , \u0447\u0442\u043e \u0444\u0438\u043b\u044c\u043c \u0441\u0442\u043e\u0438\u0442 \u043f\u043e\u0441\u043c\u043e\u0442\u0440\u0435\u0442\u044c", "author": 4, "score": 10, "pub_date": "2023-04-25T22:46:35.084"}}, {"model": "api.review", "pk": 196, "fields": {"title": 11, "text": "\u0414\u0435\u0439\u0441\u0442\u0432\u0438\u044f \u043f\u0435\u0440\u0441\u043e\u043d\u0430\u0436\u0435\u0439 \u0432\u044b\u0437\u044b\u0432\u0430\u044e\u0442 \u043f\u043e\u0441\u0442\u043e\u044f\u043d\u043d\u044b\u0439 \u0432\u043e\u043f\u0440\u043e\u0441\u044b - \u0447\u0442\u043e \u0438 \u0437\u0430\u0447\u0435\u043c \u043e\u043d\u0438 \u044d\u0442\u043e \u0434\u0435\u043b\u0430\u044e\u0442. \u041b\u043e\u0433\u0438\u043a\u0438 \u043f\u0440\u043e\u0441\u0442\u043e \u043d\u0435\u0442. \u041f\u043e\u0441\u043b\u0435 \u043f\u043e\u043b\u043e\u0432\u0438\u043d\u044b \u0444\u0438\u043b\u044c\u043c\u0430 \u0443\u0436\u0435 \u0445\u043e\u0447\u0435\u0442\u0441\u044f \u0443\u0439\u0442\u0438", "author": 5, "score": 1, "pub_date": "2023-04-25T22:47:10.418"}}, {"model": "api.review", "pk": 197, "fields": {"title": 11, "text": "\"\u041b\u0443\u0447\u0448\u0438\u0439 \u0444\u0438\u043b\u044c\u043c, \u043e\u0434\u043d\u043e\u0437\u043d\u0430\u0447\u043d\u043e. \u0428\u0435\u0434\u0435\u0432\u0440. \u041d\u043e \u0441\u043b\u0435\u0434\u0443\u0435\u0442 \u043f\u043e\u043d\u0438\u043c\u0430\u0442\u044c, \u0447\u0442\u043e \u044d\u0442\u043e \u043d\u0435 \u043a\u0438\u043d\u043e \u043f\u043e\u0434 \u043f\u0438\u0432\u043e \u0434\u043b\u044f \u043c\u043e\u043b\u043e\u0434\u0435\u0436\u0438. \u0421\u0442\u0438\u043b\u044c\u043d\u043e \u0441\u043d\u044f\u0442\u043e, \u043d\u0430 \u043e\u0434\u043d\u043e\u043c \u0434\u044b\u0445\u0430\u043d\u0438\u0438\r\n\u0441\u043c\u043e\u0442\u0440\u0438\u0442\u0441\u044f, \u043f\u0435\u0440\u0441\u043e\u043d\u0430\u0436\u0438 \u0432\u0435\u043b\u0438\u043a\u043e\u043b\u0435\u043f\u043d\u044b\"", "author": 6, "score": 10, "pub_date": "2023-04-25T22:47:10.419"}}, {"model": "api.review", "pk": 198, "fields": {"title": 11, "text": "\u0422\u0443\u043f\u0435\u0435 \u043d\u0435 \u0432\u0438\u0434\u0435\u043b, \u0441\u043c\u043e\u0442\u0440\u0435\u0442\u044c \u043d\u0435 \u0438\u043d\u0442\u0435\u0440\u0435\u0441\u043d\u043e \u0441\u043a\u0443\u0447\u043d\u044f\u043a", "author": 2, "score": 1, "pub_date": "2023-04-25T22:47:10.419"}}, {"model": "api.review", "pk": 199, "fields": {"title": 12, "text": "\u0424\u0438\u043b\u044c\u043c \u0438\u043d\u0442\u0435\u0440\u0435\u0441\u043d\u044b\u0439,\u043d\u043e \u043d\u0435 \u0434\u043e\u0440\u0430\u0431\u043e\u0442\u0430\u043d\u043d\u044b\u0439.\u041e\u0441\u0442\u0440\u043e\u0442\u044b \u0441\u044e\u0436\u0435\u0442\u0430 \u043d\u0435 \u0445\u0432\u0430\u0442\u0430\u0435\u0442", "author": 3, "score": 8, "pub_date": "2023-04-25T22:47:39.438"}}, {"model": "api.review", "pk": 200, "fields": {"title": 12, "text": "\u0421\u0430\u043c\u0430\u044f \u0441\u0438\u043b\u044c\u043d\u0430\u044f \u043a\u0430\u0440\u0442\u0438\u043d\u0430 \u0437\u0430 \u043f\u043e\u0441\u043b\u0435\u0434\u043d\u0435\u0435 \u0432\u0440\u0435\u043c\u044f. \u0424\u0438\u043b\u044c\u043c \u0437\u0430\u0441\u0442\u0430\u0432\u043b\u044f\u0435\u0442 \u043f\u043b\u0430\u043a\u0430\u0442\u044c, \u0440\u0430\u0434\u043e\u0432\u0430\u0442\u044c\u0441\u044f, \u0433\u0440\u0443\u0441\u0442\u0438\u0442\u044c, \u0434\u0435\u0440\u0436\u0438\u0442 \u0432 \u043d\u0430\u043f\u0440\u044f\u0436\u0435\u043d\u0438\u0438", "author": 4, "score": 10, "pub_date": "2023-04-25T22:47:39.439"}}, {"model": "api.review", "pk": 201, "fields": {"title": 12, "text": "\u0421 \u043e\u0433\u0440\u043e\u043c\u043d\u044b\u043c \u0443\u0434\u043e\u0432\u043e\u043b\u044c\u0441\u0442\u0432\u0438\u0435\u043c \u0441\u0445\u043e\u0434\u0438\u043b\u0430 \u0432 \u043a\u0438\u043d\u043e\u0442\u0435\u0430\u0442\u0440. \u041e\u0434\u043d\u043e\u0440\u0430\u0437\u043e\u0432\u044b\u0435 \u0444\u0438\u043b\u044c\u043c\u044b, \u043d\u0430\u0437\u0432\u0430\u043d\u0438\u044f \u043a\u043e\u0442\u043e\u0440\u044b\u0445 \u0437\u0430\u0431\u044b\u0432\u0430\u0435\u0448\u044c \u043d\u0430 \u0432\u044b\u0445\u043e\u0434\u0435 \u0438\u0437 \u0434\u0432\u0435\u0440\u0435\u0439 \u043a\u0438\u043d\u043e\u0437\u0430\u043b\u0430, \u0440\u0430\u0437\u043e\u0447\u0430\u0440\u043e\u0432\u044b\u0432\u0430\u044e\u0442. \u0418 \u0432\u043e\u0442 \u043d\u0430\u0441\u0442\u043e\u044f\u0449\u0438\u0439, \u0434\u0443\u0448\u0435\u0432\u043d\u044b\u0439, \u0436\u0438\u0437\u043d\u0435\u043d\u043d\u044b\u0439 \u0444\u0438\u043b\u044c\u043c. \u0418\u0433\u0440\u0430 \u0430\u043a\u0442\u043e\u0440\u043e\u0432 \u0438 \u0441\u044e\u0436\u0435\u0442 \u0431\u043e\u043c\u0431\u0438\u0447\u0435\u0441\u043a\u0438\u0435.", "author": 5, "score": 9, "pub_date": "2023-04-25T22:47:39.439"}}, {"model": "api.review", "pk": 202, "fields": {"title": 13, "text": "\u0427\u0442\u043e \u0441\u043a\u0430\u0437\u0430\u0442\u044c \u043f\u043e\u0441\u043b\u0435 \u043f\u0440\u043e\u0441\u043c\u043e\u0442\u0440\u0430? \u041d\u0438\u0447\u0435\u0433\u043e. \u0422\u0430\u043a\u043e\u0435 \u043e\u0449\u0443\u0449\u0435\u043d\u0438\u0435, \u0447\u0442\u043e \u0442\u0435\u0431\u044f \u043e\u0431\u043c\u0430\u043d\u0443\u043b\u0438, \u0437\u0430\u0441\u0442\u0430\u0432\u0438\u043b\u0438 \u0441\u043c\u043e\u0442\u0440\u0435\u0442\u044c \u0437\u0430 \u0442\u0432\u043e\u0438 \u0434\u0435\u043d\u044c\u0433\u0438 \u043d\u0430 \u0441\u0442\u0435\u043d\u0443", "author": 6, "score": 1, "pub_date": "2023-04-25T22:48:10.097"}}, {"model": "api.review", "pk": 203, "fields": {"title": 13, "text": "\u0425\u043e\u0442\u0435\u043b\u043e\u0441\u044c \u0443\u0439\u0442\u0438 \u0443\u0436\u0435 \u043d\u0430 \u0434\u0432\u0430\u0434\u0446\u0430\u0442\u043e\u0439 \u043c\u0438\u043d\u0443\u0442\u0435. \u041d\u0435\u0438\u043d\u0442\u0435\u0440\u0435\u0441\u043d\u043e \u0438 \u043d\u0443\u0434\u043d\u043e. \u0420\u0435\u0436\u0438\u0441\u0441\u0443\u0440\u0430 \u043d\u0435 \u0432\u043f\u0435\u0447\u0430\u0442\u043b\u0438\u043b\u0430, \u043d\u0443 \u043f\u0440\u043e\u0441\u0442\u043e \u043d\u0435\u0438\u043d\u0442\u0435\u0440\u0435\u0441\u043d\u043e \u0441\u043c\u043e\u0442\u0440\u0435\u0442\u044c \u0431\u044b\u043b\u043e", "author": 2, "score": 2, "pub_date": "2023-04-25T22:48:10.098"}}, {"model": "api.review", "pk": 204, "fields": {"title": 13, "text": "\u0424\u0438\u043b\u044c\u043c \u0441\u0442\u043e\u0438\u0442 \u0443\u0432\u0438\u0434\u0435\u0442\u044c \u0442\u0435\u043c, \u043a\u043e\u043c\u0443 \u0438\u043d\u0442\u0435\u0440\u0435\u0441\u043d\u043e \u0441\u043e\u0432\u0440\u0435\u043c\u0435\u043d\u043d\u043e\u0435 \u043a\u0438\u043d\u043e. \u041d\u0435 \u0441\u043a\u0443\u0447\u043d\u043e, \u043d\u0435 \u0437\u0430\u0442\u044f\u043d\u0443\u0442\u043e, \u043f\u043e\u043d\u0440\u0430\u0432\u0438\u043b\u0430\u0441\u044c \u043e\u043f\u0435\u0440\u0430\u0442\u043e\u0440\u0441\u043a\u0430\u044f \u0440\u0430\u0431\u043e\u0442\u0430, \u043d\u0435\u043a\u043e\u0442\u043e\u0440\u044b\u0435 \u0441\u0446\u0435\u043d\u044b \u0441\u0434\u0435\u043b\u0430\u043d\u044b \u043d\u0430 \u0445\u043e\u0440\u043e\u0448\u0435\u043c \u0443\u0440\u043e\u0432\u043d\u0435", "author": 3, "score": 8, "pub_date": "2023-04-25T22:48:10.098"}}, {"model": "api.review", "pk": 205, "fields": {"title": 15, "text": "\u041c\u0443\u0442\u043e\u0440\u043d\u043e \u0438 \u0442\u044f\u0436\u0435\u043b\u043e. \u0421\u0442\u0430\u0432\u043b\u044e 2", "author": 4, "score": 2, "pub_date": "2023-04-25T22:48:40.300"}}, {"model": "api.review", "pk": 206, "fields": {"title": 15, "text": "\u0424\u0438\u043b\u044c\u043c \u043d\u0435 \u043e\u043f\u0440\u0430\u0432\u0434\u0430\u043b \u043e\u0436\u0438\u0434\u0430\u043d\u0438\u0439. \u0421\u043f\u043b\u043e\u0448\u043d\u0430\u044f \u043a\u0430\u0448\u0430, \u0441\u043b\u0430\u0431\u044b\u0439 \u0441\u0446\u0435\u043d\u0430\u0440\u0438\u0439. \u0421 \u0442\u0440\u0443\u0434\u043e\u043c \u0434\u043e\u0441\u043c\u043e\u0442\u0440\u0435\u043b\u0430 \u0434\u043e \u043a\u043e\u043d\u0446\u0430. \u041e\u0436\u0438\u0434\u0430\u043b\u0430 \u043d\u0435\u0447\u0442\u043e \u0442\u0430\u043a\u043e\u0433\u043e \u0438\u043d\u0442\u0435\u0440\u0435\u0441\u043d\u043e\u0433\u043e \u0438 \u0437\u0430\u0445\u0432\u0430\u0442\u044b\u0432\u0430\u044e\u0449\u0435\u0435. \u041f\u043e\u043b\u043d\u043e\u0435 \u0440\u0430\u0437\u043e\u0447\u0430\u0440\u043e\u0432\u0430\u043d\u0438\u0435. \u041e\u0442\u0434\u0435\u043b\u044c\u043d\u044b\u0435 \u043d\u0435\u0441\u0432\u044f\u0437\u043d\u044b\u0435 \u0441\u0446\u0435\u043d\u044b, \u043d\u0435\u043f\u043e\u043d\u044f\u0442\u043d\u044b\u0435 \u0434\u0438\u0430\u043b\u043e\u0433\u0438", "author": 5, "score": 3, "pub_date": "2023-04-25T22:48:40.300"}}, {"model": "api.review", "pk": 207, "fields": {"title": 15, "text": "\u041c\u043d\u0435 \u0444\u0438\u043b\u044c\u043c \u043f\u043e\u043d\u0440\u0430\u0432\u0438\u043b\u0441\u044f. \u0412\u0441\u0435 \u043a\u0430\u0447\u0435\u0441\u0442\u0432\u0435\u043d\u043d\u043e,\u043a\u0440\u0430\u0441\u0438\u0432\u043e. \u0418\u0433\u0440\u0430 \u0430\u043a\u0442\u0435\u0440\u043e\u0432, \u0432 \u043e\u0441\u043d\u043e\u0432\u043d\u043e\u043c, \u043e\u0447\u0435\u043d\u044c \u0434\u0430\u0436\u0435. \u041d\u043e \u0441\u043b\u0438\u0448\u043a\u043e\u043c \u043c\u043d\u043e\u0433\u043e, \u0434\u043b\u044f \u043c\u0435\u043d\u044f \u043a\u0440\u043e\u0432\u0430\u0432\u044b\u0445 \u0441\u0446\u0435\u043d,\u0441\u043b\u0430\u0431\u043e\u043d\u0435\u0440\u0432\u043d\u044b\u043c \u043f\u0440\u043e\u0441\u044c\u0431\u0430 \u043d\u0435 \u0441\u043c\u043e\u0442\u0440\u0435\u0442\u044c", "author": 6, "score": 9, "pub_date": "2023-04-25T22:48:40.301"}}, {"model": "api.review", "pk": 208, "fields": {"title": 16, "text": "\"\u0417\u0440\u044f \u043f\u043e\u0442\u0435\u0440\u044f\u043d\u043d\u043e\u0435 \u0432\u0440\u0435\u043c\u044f! \u042d\u043c\u043e\u0446\u0438\u0438 \u043f\u043e\u0441\u043b\u0435 \u043f\u0440\u043e\u0441\u043c\u043e\u0442\u0440\u0430, - \u0431\u0435\u0437\u044b\u0441\u0445\u043e\u0434\u043d\u043e\u0441\u0442\u044c, \u043d\u0438\u0447\u0435\u0433\u043e \u0443\u0436\u0435 \u043d\u0435 \u0438\u0437\u043c\u0435\u043d\u0438\u0448\u044c. \u0424\u0438\u043b\u044c\u043c \u0432\u043e\u043e\u0431\u0449\u0435 \u043d\u0438\u043a\u0430\u043a\u043e\u0439!!!\r\n\u0418 \u043f\u043e\u0441\u0442\u0430\u0432\u0438\u043b\u0438 \u0435\u0433\u043e \u043b\u044e\u0434\u0438 \u0431\u0435\u0437\u0434\u0430\u0440\u043d\u044b\u0435 \u0438 \u043d\u0438\u043a\u0447\u0451\u043c\u043d\u044b\u0435!!!\"", "author": 2, "score": 1, "pub_date": "2023-04-25T22:49:12.490"}}, {"model": "api.review", "pk": 209, "fields": {"title": 16, "text": "\u041f\u043e\u0441\u043b\u0435 \u043f\u0440\u043e\u0441\u043c\u043e\u0442\u0440\u0430 \u0440\u0430\u0437\u043e\u0447\u0430\u0440\u043e\u0432\u0430\u043d\u0438\u0435 \u0433\u0440\u0430\u043d\u0438\u0447\u0438\u0442 \u0441 \u0448\u043e\u043a\u043e\u043c. \u0411\u0435\u0437\u0434\u0430\u0440\u043d\u044b\u0439 \u0444\u0438\u043b\u044c\u043c, \u043a\u0430\u043a \u043f\u0440\u0435\u0434\u044b\u0434\u0443\u0449\u0438\u0439 \u043e\u0442 \u044d\u0442\u043e\u0433\u043e \u0436\u0435 \u0440\u0435\u0436\u0438\u0441\u0441\u0435\u0440\u0430. \u041d\u0435 \u0440\u0435\u043a\u043e\u043c\u0435\u043d\u0434\u0443\u044e \u043d\u0438\u043a\u043e\u043c\u0443! \u041f\u043b\u043e\u0445\u043e, \u043d\u0435\u043f\u0440\u0430\u0432\u0434\u043e\u043f\u043e\u0434\u043e\u0431\u043d\u043e, \u0441\u043a\u043e\u043c\u043a\u0430\u043d\u043e \u0441\u043d\u044f\u0442\u043e.", "author": 3, "score": 2, "pub_date": "2023-04-25T22:49:12.491"}}, {"model": "api.review", "pk": 210, "fields": {"title": 16, "text": "\u0424\u0438\u043b\u044c\u043c \u043c\u043e\u0449\u043d\u044b\u0439. \u0413\u043b\u0430\u0432\u043d\u043e\u0435 - \u043d\u0435 \u0437\u0430\u043d\u0438\u043c\u0430\u0442\u044c \u0447\u044c\u044e-\u0442\u043e \u043f\u043e\u0437\u0438\u0446\u0438\u044e, \u0430 \u0441\u043c\u043e\u0442\u0440\u0435\u0442\u044c \u0441\u043e \u0441\u0442\u043e\u0440\u043e\u043d\u044b. \u0412\u043f\u0435\u0440\u0432\u044b\u0435 \u0432\u0438\u0436\u0443, \u0447\u0442\u043e\u0431\u044b \u0431\u044b\u043b\u043e \u0442\u0430\u043a \u0434\u0435\u0442\u0430\u043b\u044c\u043d\u043e \u043f\u043e\u043a\u0430\u0437\u0430\u043d\u044b \u043f\u0435\u0440\u0435\u0436\u0438\u0432\u0430\u043d\u0438\u044f \u0438 \u044d\u043c\u043e\u0446\u0438\u0438 \u043a\u0430\u0436\u0434\u043e\u0433\u043e \u0433\u0435\u0440\u043e\u044f. \u0412\u0441\u0435 \u043d\u0430 \u0441\u0432\u043e\u0435\u043c \u043c\u0435\u0441\u0442\u0435. \u0410\u043a\u0442\u0435\u0440\u044b \u0438 \u0433\u0440\u0430\u0444\u0438\u043a\u0430 \u043d\u0430 \u0432\u044b\u0441\u043e\u0442\u0435.", "author": 4, "score": 10, "pub_date": "2023-04-25T22:49:12.491"}}, {"model": "api.review", "pk": 211, "fields": {"title": 17, "text": "\u0415\u0441\u043b\u0438 \u0442\u0430\u043a\u043e\u0439 \u0436\u0430\u043d\u0440 \u0432\u0430\u043c \u043f\u043e \u0432\u043a\u0443\u0441\u0443, \u0442\u043e \u0434\u0430\u0436\u0435 \u043d\u0435 \u0441\u043e\u043c\u043d\u0435\u0432\u0430\u0439\u0442\u0435\u0441\u044c - \u0431\u0435\u0433\u043e\u043c \u0432 \u043a\u0438\u043d\u043e\u0442\u0435\u0430\u0442\u0440! \u0424\u0438\u043b\u044c\u043c - \u043e\u0433\u043e\u043d\u044c! \u0418\u043d\u0442\u0435\u0440\u0435\u0441\u043d\u044b\u0439 \u0441\u044e\u0436\u0435\u0442, \u0432\u0435\u043b\u0438\u043a\u043e\u043b\u0435\u043f\u043d\u0430\u044f \u0438\u0433\u0440\u0430 \u0430\u043a\u0442\u0451\u0440\u043e\u0432, \u0441\u044a\u0451\u043c\u043a\u0438 \u043f\u0440\u043e\u0441\u0442\u043e \u0441\u0443\u043f\u0435\u0440, \u0434\u0430 \u0438 \u0441\u043f\u0435\u0446\u044d\u0444\u0444\u0435\u043a\u0442\u044b \u043d\u0430 \u0432\u044b\u0441\u043e\u0442\u0435", "author": 5, "score": 10, "pub_date": "2023-04-25T22:49:32.581"}}, {"model": "api.review", "pk": 212, "fields": {"title": 18, "text": "\u0421\u044e\u0436\u0435\u0442, \u043c\u044b\u0441\u043b\u044c, \u0444\u0438\u043b\u043e\u0441\u043e\u0444\u0438\u044f, \u0438\u0433\u0440\u0430 \u0430\u043a\u0442\u0435\u0440\u043e\u0432, \u044d\u043c\u043e\u0446\u0438\u0438 - \u0431\u043b\u0435\u0441\u043a! \u0421\u044e\u0436\u0435\u0442 \u0434\u0438\u043d\u0430\u043c\u0438\u0447\u043d\u044b\u0439, \u0438\u0433\u0440\u0430 \u0430\u043a\u0442\u0451\u0440\u043e\u0432 \u0445\u043e\u0440\u043e\u0448\u0430, \u043d\u043e \u043d\u0435 \u0438\u0434\u0435\u0430\u043b\u044c\u043d\u0430.", "author": 6, "score": 8, "pub_date": "2023-04-25T22:49:54.864"}}, {"model": "api.review", "pk": 213, "fields": {"title": 18, "text": "\u0420\u0430\u0437\u043e\u0447\u0430\u0440\u043e\u0432\u0430\u043d\u0438\u043d\u0435, \u0432\u044b\u0442\u0430\u0449\u0438\u043b\u0430 \u0441\u0435\u0431\u044f \u0432 \u043a\u0438\u043d\u043e, \u0430 \u0442\u0443\u0442 \u0442\u0430\u043a\u043e\u0435. \u0420\u0435\u043a\u043b\u0430\u043c\u0430 \u0448\u043b\u0430 \u043c\u043d\u043e\u043e\u043e\u0431\u0435\u0449\u0430\u044e\u0449\u0430\u044f, \u0430 \u0432 \u0440\u0435\u0430\u043b\u044c\u043d\u043e\u0441\u0442\u0438 \u0432\u0441\u0451 \u043d\u0435 \u0442\u043e", "author": 2, "score": 2, "pub_date": "2023-04-25T22:49:54.865"}}, {"model": "api.review", "pk": 214, "fields": {"title": 19, "text": "\u041d\u0435\u043f\u0440\u0430\u0432\u0434\u043e\u043f\u043e\u0434\u043e\u0431\u043d\u044b\u0439, \u043d\u0435\u043b\u043e\u0433\u0438\u0447\u043d\u044b\u0439, \u0431\u0435\u0441\u0441\u043c\u044b\u0441\u043b\u0435\u043d\u043d\u044b\u0439 \u0444\u0438\u043b\u044c\u043c. \u041f\u0440\u043e\u0441\u0442\u043e \u043d\u0438\u043a\u0430\u043a\u043e\u0439, \u043c\u043e\u0436\u0435\u0442\u0435 \u0434\u0430\u0436\u0435 \u043d\u0435 \u0441\u043c\u043e\u0442\u0440\u0435\u0442\u044c, \u0441\u0443\u0442\u0438 \u043d\u0435 \u0443\u043b\u043e\u0432\u0438\u0442\u0435. \u041c\u043d\u0435 \u043f\u043e\u043d\u0440\u0430\u0432\u0438\u043b\u0441\u044f", "author": 3, "score": 10, "pub_date": "2023-04-25T22:50:14.747"}}, {"model": "api.review", "pk": 215, "fields": {"title": 19, "text": "\u0418\u043d\u0442\u0435\u0440\u0435\u0441\u043d\u043e \u043f\u0440\u043e\u0434\u0443\u043c\u0430\u043d\u043d\u044b\u0439 \u0444\u0438\u043b\u044c\u043c, \u0446\u0435\u043f\u043b\u044f\u0435\u0442 \u043d\u0435\u043e\u0431\u044b\u0447\u043d\u044b\u043c \u0441\u044e\u0436\u0435\u0442\u043e\u043c. \u0434\u043b\u0438\u043d\u043d\u044b\u0439, \u0447\u0442\u043e \u0431\u044b\u0432\u0430\u0435\u0442 \u043d\u0435 \u0432\u043e \u0432\u0441\u0435\u0445 \u0444\u0438\u043b\u044c\u043c\u0430\u0445. \u0410\u043a\u0442\u0451\u0440\u044b \u043a\u0440\u0443\u0442\u044b\u0435. \u0412 \u043e\u0431\u0449\u0435\u043c, \u043f\u043e\u0441\u043c\u043e\u0442\u0440\u0435\u0442\u044c \u043c\u043e\u0436\u043d\u043e.", "author": 4, "score": 8, "pub_date": "2023-04-25T22:50:14.747"}}, {"model": "api.review", "pk": 216, "fields": {"title": 20, "text": "\u0412\u043d\u0438\u043c\u0430\u0442\u0435\u043b\u044c\u043d\u043e \u0441\u043b\u0435\u0436\u0443 \u0437\u0430 \u0432\u0441\u0435\u043c\u0438 \u043d\u043e\u0432\u044b\u043c\u0438 \u0438\u0437\u0434\u0430\u043d\u0438\u044f\u043c\u0438, \u043f\u043e\u043a\u0443\u043f\u0430\u044e \u043a\u0430\u0436\u0434\u043e\u0435. \u041b\u0443\u0447\u0448\u0438\u0439 \u0442\u0440\u0438\u043b\u043b\u0435\u0440 \u0442\u044b\u0441\u044f\u0447\u0435\u043b\u0435\u0442\u0438\u044f \u2014 \u044d\u0442\u043e \u00ab\u041a\u043e\u043b\u043e\u0431\u043e\u043a\u00bb", "author": 5, "score": 10, "pub_date": "2023-04-25T22:50:38.905"}}, {"model": "api.review", "pk": 217, "fields": {"title": 20, "text": "\u0410 \u0432\u043e\u0442 \u0443 \u043a\u0438\u043f\u0447\u0430\u043a\u043e\u0432 \u00ab\u043a\u043e\u043b\u043e\u0431\u043e\u043a\u00bb \u2014 \u0448\u0430\u0440\u0438\u043a \u0438\u0437 \u043d\u0430\u0432\u043e\u0437\u0430! \u0418 \u0441\u043a\u0430\u0437\u043a\u0430 \u043f\u0440\u0438\u043e\u0431\u0440\u0435\u0442\u0430\u0435\u0442 \u0441\u043e\u0432\u0441\u0435\u043c \u0434\u0440\u0443\u0433\u043e\u0439 \u0441\u043c\u044b\u0441\u043b! \u00ab\u041d\u0435 \u0445\u0438\u0442\u0440\u0438, \u0430 \u0442\u043e \u043d\u0430\u0432\u043e\u0437\u0430 \u043d\u0430\u043a\u0443\u0448\u0430\u0435\u0448\u044c\u0441\u044f!\u00bb", "author": 6, "score": 10, "pub_date": "2023-04-25T22:50:38.905"}}, {"model": "api.review", "pk": 218, "fields": {"title": 21, "text": "\u041f\u0440\u043e\u0447\u043b\u0430 \u043e\u0442 \u043d\u0430\u0447\u0430\u043b\u0430 \u0434\u043e \u043a\u043e\u043d\u0446\u0430, \u043d\u0435 \u043e\u0442\u0440\u044b\u0432\u0430\u044f\u0441\u044c. \u0423\u0436\u0430\u0441\u043d\u0430\u044f \u043a\u043d\u0438\u0433\u0430, \u0447\u0435\u043c\u0443 \u043e\u043d\u0430 \u043c\u043e\u0436\u0435\u0442 \u043d\u0430\u0443\u0447\u0438\u0442\u044c \u043d\u0430\u0448\u0443 \u043c\u043e\u043b\u043e\u0434\u0451\u0436\u044c.", "author": 2, "score": 1, "pub_date": "2023-04-25T22:51:03.135"}}, {"model": "api.review", "pk": 219, "fields": {"title": 21, "text": "\u0421\u0443\u0440\u043e\u0432\u044b\u0435 \u0430\u043c\u0435\u0440\u0438\u043a\u0430\u043d\u0441\u043a\u0438\u0435 \u0441\u0435\u043c\u0438\u0434\u0435\u0441\u044f\u0442\u044b\u0435 \u0432 \u0434\u043e\u043a\u0443\u043c\u0435\u043d\u0442\u0430\u043b\u044c\u043d\u043e\u043c \u0438\u0437\u043b\u043e\u0436\u0435\u043d\u0438\u0438. \u041a\u0430\u043a \u0430\u0432\u0442\u043e\u0440 \u0434\u043e\u0436\u0438\u043b \u0434\u043e 2005-\u0433\u043e \u0433\u043e\u0434\u0430 \u2014 \u0437\u0430\u0433\u0430\u0434\u043a\u0430. \u041d\u043e \u0440\u043e\u043c\u0430\u043d \u043f\u0440\u0435\u043a\u0440\u0430\u0441\u043d\u044b\u0439.", "author": 3, "score": 10, "pub_date": "2023-04-25T22:51:03.135"}}, {"model": "api.review", "pk": 220, "fields": {"title": 22, "text": "\u041c\u043d\u043e\u0433\u0430\u0431\u0443\u043a\u0443\u0444. \u041d\u0438\u0430\u0441\u0438\u043b\u0438\u043b. \u0412 \u0430\u043d\u043d\u043e\u0442\u0430\u0446\u0438\u0438 \u043d\u0430\u043f\u0438\u0441\u0430\u043d\u043e \u2014 \u00ab\u0432\u0435\u043b\u0438\u043a\u0438\u0439 \u0440\u043e\u043c\u0430\u043d\u00bb, \u0442\u0430\u043a \u0447\u0442\u043e \u0441\u0442\u0430\u0432\u043b\u044e \u043c\u0430\u043a\u0441\u0438\u043c\u0430\u043b\u044c\u043d\u0443\u044e \u043e\u0446\u0435\u043d\u043a\u0443", "author": 4, "score": 10, "pub_date": "2023-04-25T22:51:37.772"}}, {"model": "api.review", "pk": 221, "fields": {"title": 22, "text": "\u0415\u0441\u043b\u0438 \u0442\u0430\u043a\u043e\u0439 \u0436\u0430\u043d\u0440 \u0432\u0430\u043c \u043f\u043e \u0432\u043a\u0443\u0441\u0443, \u0442\u043e \u0434\u0430\u0436\u0435 \u043d\u0435 \u0441\u043e\u043c\u043d\u0435\u0432\u0430\u0439\u0442\u0435\u0441\u044c: \u0441\u0430\u0434\u0438\u0442\u0435\u0441\u044c \u0447\u0438\u0442\u0430\u0442\u044c! \u0420\u043e\u043c\u0430\u043d - \u043e\u0433\u043e\u043d\u044c! \u0418\u043d\u0442\u0435\u0440\u0435\u0441\u043d\u044b\u0439 \u0441\u044e\u0436\u0435\u0442, \u0432\u0435\u043b\u0438\u043a\u043e\u043b\u0435\u043f\u043d\u044b\u0435 \u043f\u0435\u0440\u0441\u043e\u043d\u0430\u0436\u0438, \u043d\u0435\u0431\u043e \u0410\u0443\u0441\u0442\u0435\u0440\u043b\u0438\u0446\u0430 \u0438 \u0432\u0441\u0442\u0440\u0435\u0447\u0430 \u0441 \u0434\u0443\u0431\u043e\u043c", "author": 5, "score": 10, "pub_date": "2023-04-25T22:51:37.772"}}, {"model": "api.review", "pk": 222, "fields": {"title": 22, "text": "\u042f \u0412\u0438\u041c \u0432 \u0448\u043a\u043e\u043b\u0435 \u0447\u0438\u0442\u0430\u043b (\u0437\u0430\u0441\u0442\u0430\u0432\u043b\u044f\u043b\u0438), \u0430 \u043f\u043e\u0442\u043e\u043c \u043e\u043f\u044f\u0442\u044c \u0441\u043b\u0443\u0447\u0430\u0439\u043d\u043e \u043f\u0440\u043e\u0447\u0451\u043b, \u0438 \u043e\u043a\u0430\u0437\u0430\u043b\u043e\u0441\u044c, \u0447\u0442\u043e \u043e\u043d \u0438 \u043f\u0440\u0430\u0432\u043b\u0430 \u0432\u0435\u043b\u0438\u043a\u0438\u0439, \u0430 \u043d\u0435 \u043f\u0440\u043e\u0441\u0442\u043e \u0442\u0430\u043a. \u041d\u0435 \u0441\u0442\u0430\u0432\u043b\u044e \u0434\u0435\u0441\u044f\u0442\u043a\u0443 \u0442\u043e\u043b\u044c\u043a\u043e \u0432 \u043f\u0430\u043c\u044f\u0442\u044c \u043e \u0448\u043a\u043e\u043b\u044c\u043d\u044b\u0445 \u043c\u0443\u0447\u0435\u043d\u0438\u044f\u0445", "author": 6, "score": 8, "pub_date": "2023-04-25T22:51:37.773"}}, {"model": "api.review", "pk": 223, "fields": {"title": 23, "text": "\u041d\u0438\u0447\u0435\u0433\u043e \u043d\u0435 \u043f\u043e\u043d\u044f\u043b", "author": 2, "score": 3, "pub_date": "2023-04-25T22:52:47.834"}}, {"model": "api.review", "pk": 224, "fields": {"title": 23, "text": "\u041d\u0435 \u043f\u043e\u043d\u044f\u043b \u0432\u043e\u043e\u0431\u0449\u0435 \u043d\u0438\u0447\u0435\u0433\u043e", "author": 3, "score": 1, "pub_date": "2023-04-25T22:52:47.834"}}, {"model": "api.review", "pk": 225, "fields": {"title": 23, "text": "\u0421\u043e\u0432\u0441\u0435\u043c \u043d\u0435\u043f\u043e\u043d\u044f\u0442\u043d\u043e, \u043d\u043e \u0437\u0434\u043e\u0440\u043e\u0432\u043e", "author": 4, "score": 8, "pub_date": "2023-04-25T22:52:47.835"}}, {"model": "api.review", "pk": 226, "fields": {"title": 23, "text": "\u0427\u0442\u043e \u044d\u0442\u043e \u0431\u044b\u043b\u043e?! \u0414\u0435\u0441\u044f\u0442\u043a\u0430 \u0437\u0430 \u0443\u0440\u043e\u0432\u0435\u043d\u044c \u043d\u0435\u043f\u043e\u043d\u044f\u0442\u043d\u043e\u0441\u0442\u0438", "author": 5, "score": 10, "pub_date": "2023-04-25T22:52:47.835"}}, {"model": "api.review", "pk": 227, "fields": {"title": 23, "text": "\u0414\u0435\u0442\u0430\u043b\u044c\u043d\u043e \u043a\u043e\u043c\u043c\u0435\u043d\u0442\u0438\u0440\u043e\u0432\u0430\u0442\u044c \u043d\u0435 \u0431\u0443\u0434\u0443, \u043d\u043e \u044d\u0442\u043e \u0448\u0435\u0434\u0435\u0432\u0440", "author": 6, "score": 10, "pub_date": "2023-04-25T22:52:47.835"}}, {"model": "api.review", "pk": 228, "fields": {"title": 24, "text": "\u041d\u0435 \u043c\u043e\u0436\u0435\u0442 \u0431\u044b\u0442\u044c \u0442\u0430\u043a\u043e\u0433\u043e. \u042d\u0442\u043e \u0432\u0441\u0451 \u043f\u0440\u0438\u0434\u0443\u043c\u0430\u043d\u043e, \u0430\u0432\u0442\u043e\u0440 \u043f\u043e\u043f\u044b\u0442\u0430\u043b\u0441\u044f \u043e\u0431\u043c\u0430\u043d\u0443\u0442\u044c \u0447\u0438\u0442\u0430\u0442\u0435\u043b\u044f, \u043d\u043e \u043c\u044b, \u0447\u0438\u0442\u0430\u0442\u0435\u043b\u0438, \u0443\u043c\u043d\u0435\u0435 \u0435\u0433\u043e. \u041d\u0430\u0441 \u0432\u043e\u043a\u0440\u0443\u0433 \u043f\u0430\u043b\u044c\u0446\u0430 \u043d\u0435 \u043e\u0431\u0432\u0435\u0434\u0451\u0448\u044c!!", "author": 4, "score": 2, "pub_date": "2023-04-25T22:53:15.221"}}, {"model": "api.review", "pk": 229, "fields": {"title": 24, "text": "\u0412\u0441\u0451 \u0441\u043e\u0432\u0435\u0440\u0448\u0435\u043d\u043d\u043e \u043d\u0435 \u0442\u0430\u043a, \u043a\u0430\u043a \u043d\u0430 \u0441\u0430\u043c\u043e\u043c \u0434\u0435\u043b\u0435, \u0438 \u0432 \u0434\u043e\u043a\u0443\u043c\u0435\u043d\u0442\u0430\u043b\u044c\u043d\u043e\u0439 \u043f\u043e\u0432\u0435\u0441\u0442\u0438 \u044d\u0442\u043e \u0445\u043e\u0440\u043e\u0448\u043e \u043e\u043f\u0438\u0441\u0430\u043d\u043e", "author": 5, "score": 9, "pub_date": "2023-04-25T22:53:15.222"}}, {"model": "api.review", "pk": 230, "fields": {"title": 25, "text": "\u0415\u0441\u043b\u0438 \u0431\u044b \u044f \u0442\u043e\u043b\u044c\u043a\u043e \u043c\u043e\u0433 \u043d\u0430 \u043c\u0438\u043d\u0443\u0442\u043a\u0443 \u043f\u0435\u0440\u0435\u0441\u0442\u0430\u0442\u044c \u0431\u0443\u043c\u043a\u0430\u0442\u044c \u0433\u043e\u043b\u043e\u0432\u043e\u0439 \u043f\u043e \u0441\u0442\u0443\u043f\u0435\u043d\u044c\u043a\u0430\u043c \u0438 \u043a\u0430\u043a \u0441\u043b\u0435\u0434\u0443\u0435\u0442 \u0441\u043e\u0441\u0440\u0435\u0434\u043e\u0442\u043e\u0447\u0438\u0442\u044c\u0441\u044f \u2014 \u044f \u0431\u044b \u043d\u0430\u043f\u0438\u0441\u0430\u043b \u043f\u0440\u0435\u043a\u0440\u0430\u0441\u043d\u044b\u0439 \u043e\u0442\u0437\u044b\u0432. \u041d\u043e \u0443\u0432\u044b \u2014 \u0441\u043e\u0441\u0440\u0435\u0434\u043e\u0442\u043e\u0447\u0438\u0442\u044c\u0441\u044f-\u0442\u043e \u043c\u043d\u0435 \u0438 \u043d\u0435\u043a\u043e\u0433\u0434\u0430: \u0443\u0447\u0451\u0431\u0430, \u0440\u0430\u0431\u043e\u0442\u0430. \u041f\u0440\u043e\u0441\u0442\u043e \u043f\u043e\u0441\u0442\u0430\u0432\u043b\u044e \u043f\u044f\u0442\u0451\u0440\u043a\u0443", "author": 6, "score": 10, "pub_date": "2023-04-25T22:53:42.036"}}, {"model": "api.review", "pk": 231, "fields": {"title": 25, "text": "\u042d\u0442\u043e \u043f\u0440\u043e\u0441\u0442\u043e \u00ab\u0412\u043e\u0439\u043d\u0430 \u0438 \u043c\u0438\u0440\u00bb \u0434\u043b\u044f \u0434\u0435\u0442\u0435\u0439. \u0427\u0438\u0442\u0430\u0442\u044c \u0432\u0441\u0435\u043c", "author": 2, "score": 10, "pub_date": "2023-04-25T22:53:42.037"}}, {"model": "api.review", "pk": 232, "fields": {"title": 26, "text": "\u0421\u043b\u0443\u0448\u0430\u044e \u0438 \u043f\u043b\u0430\u0447\u0443. \u041f\u043b\u0430\u0447\u0443, \u043d\u043e \u0441\u043b\u0443\u0448\u0430\u044e", "author": 3, "score": 10, "pub_date": "2023-04-25T22:53:58.039"}}, {"model": "api.review", "pk": 233, "fields": {"title": 27, "text": "\u041a\u0430\u043a\u043e\u0439-\u0442\u043e \u043d\u0435\u043f\u043e\u043d\u044f\u0442\u043d\u044b\u0439 \u0448\u0443\u043c. \u041d\u0435\u0443\u0436\u0435\u043b\u0438 \u044d\u0442\u043e \u043a\u0442\u043e-\u0442\u043e \u0441\u043b\u0443\u0448\u0430\u0435\u0442?", "author": 4, "score": 1, "pub_date": "2023-04-25T22:54:21.958"}}, {"model": "api.review", "pk": 234, "fields": {"title": 27, "text": "\u041d\u0438\u0447\u0435\u0433\u043e \u043d\u0435 \u043f\u043e\u043d\u044f\u0442\u043d\u043e. \u041e \u0447\u0451\u043c \u044d\u0442\u0430 \u043f\u0435\u0441\u043d\u044f, \u0447\u0435\u043c\u0443 \u043e\u043d\u0430 \u0443\u0447\u0438\u0442?", "author": 5, "score": 2, "pub_date": "2023-04-25T22:54:21.959"}}, {"model": "api.review", "pk": 235, "fields": {"title": 28, "text": "\u0419\u044d\u043d \u0410\u043d\u0434\u0435\u0440\u0441\u043e\u043d \u0432\u0435\u043b\u0438\u043a\u0438\u0439!!!!!!!!1111", "author": 6, "score": 10, "pub_date": "2023-04-25T22:54:44.035"}}, {"model": "api.review", "pk": 236, "fields": {"title": 28, "text": "\u041d\u0435\u0443\u0436\u0435\u043b\u0438 \u043f\u0435\u0441\u043d\u044e \u043f\u0440\u043e \u0430\u043a\u0432\u0430\u043b\u0430\u043d\u0433\u0438\u0441\u0442\u043e\u0432 \u043f\u0435\u0440\u0435\u0432\u0435\u043b\u0438 \u043d\u0430 \u0430\u043d\u0433\u043b\u0438\u0439\u0441\u043a\u0438\u0439?! \u041d\u0443 \u043d\u0430\u043a\u043e\u043d\u0435\u0446-\u0442\u043e! \u0410\u043a\u0432\u0430\u043b\u0430\u043d\u0433\u0438\u0441\u0442\u044b \u2014 \u044d\u0442\u043e \u0445\u043e\u0440\u043e\u0448\u043e!", "author": 2, "score": 10, "pub_date": "2023-04-25T22:54:44.035"}}, {"model": "api.review", "pk": 237, "fields": {"title": 29, "text": "\u041c\u044b \u043f\u0440\u044b\u0433\u0430\u043b\u0438, \u0432\u0435\u0440\u0442\u0435\u043b\u0438\u0441\u044c \u0438 \u043a\u0440\u0443\u0436\u0438\u043b\u0438\u0441\u044c \u0442\u0430\u043a, \u0447\u0442\u043e \u043f\u043e\u043b \u0445\u043e\u0434\u0438\u043b \u0445\u043e\u0434\u0443\u043d\u043e\u043c!", "author": 3, "score": 10, "pub_date": "2023-04-25T22:54:55.751"}}, {"model": "api.review", "pk": 238, "fields": {"title": 30, "text": "\u042d\u0442\u043e \u0435\u0434\u0438\u043d\u0441\u0442\u0432\u0435\u043d\u043d\u044b\u0439 \u0440\u0438\u0444, \u043a\u043e\u0442\u043e\u0440\u044b\u0439 \u044f \u0443\u043c\u0435\u044e \u0438\u0433\u0440\u0430\u0442\u044c \u043d\u0430 \u0441\u0432\u043e\u0435\u0439 \u0441\u0443\u043f\u0435\u0440\u0434\u043e\u0440\u043e\u0433\u043e\u0439 \u0433\u0438\u0442\u0430\u0440\u0435! \u041c\u043e\u044f \u043b\u044e\u0431\u0438\u043c\u0430\u044f \u043f\u0435\u0441\u043d\u044f", "author": 6, "score": 10, "pub_date": "2023-04-25T22:55:04.253"}}, {"model": "api.review", "pk": 239, "fields": {"title": 31, "text": "\u0421\u0442\u0440\u0430\u043d\u043d\u043e: \u041c\u043e\u0446\u0430\u0440\u0442 - \u0430\u0432\u0441\u0442\u0440\u0438\u0435\u0446, \u0430 \u043c\u0430\u0440\u0448 - \u0442\u0443\u0440\u0435\u0446\u043a\u0438\u0439. \u041d\u0435 \u043f\u043e\u043d\u0438\u043c\u0430\u044e, \u043a\u0430\u043a \u0442\u0430\u043a \u0432\u044b\u0448\u043b\u043e. \u0417\u0432\u0443\u0447\u0438\u0442 \u043a\u0440\u0430\u0441\u0438\u0432\u043e, \u043d\u043e \u0437\u0430 \u0433\u0435\u043e\u0433\u0440\u0430\u0444\u0438\u0447\u0435\u0441\u043a\u0443\u044e \u043f\u0443\u0442\u0430\u043d\u0438\u0446\u0443 \u0441\u0442\u0430\u0432\u043b\u044e \u0432\u043e\u0441\u0435\u043c\u044c", "author": 2, "score": 8, "pub_date": "2023-04-25T22:55:19.022"}}, {"model": "api.review", "pk": 240, "fields": {"title": 32, "text": "\u0411\u0430\u0445 forever. \u042d\u0442\u043e \u0432\u0430\u043c \u043d\u0435 \u0442\u0440\u0438 \u0430\u043a\u043a\u043e\u0440\u0434\u0430 \u043d\u0430 \u0433\u0438\u0442\u0430\u0440\u0435, \u043a\u0430\u043a \u0443 \u0441\u043c\u043e\u043a \u043e\u043d \u0437\u0435 \u0432\u043e\u0442\u0435\u0440", "author": 4, "score": 10, "pub_date": "2023-04-25T22:55:35.093"}}, {"model": "api.comment", "pk": 1, "fields": {"review": 173, "text": "\u041d\u0438\u0447\u0435\u0433\u043e \u043f\u043e\u0434\u043e\u0431\u043d\u043e\u0433\u043e, \u0432 \u0444\u0438\u043b\u044c\u043c\u0435 \u0432\u0441\u0451 \u043d\u0435 \u0442\u0430\u043a, \u0438 \u043f\u0440\u043e\u0433\u0440\u0430\u043c\u043c\u0438\u0440\u043e\u0432\u0430\u043d\u0438\u0435 \u0442\u0443\u0442 \u0432\u043e\u043e\u0431\u0449\u0435 \u043d\u0438 \u043f\u0440\u0438 \u0447\u0451\u043c!", "author": 4, "pub_date": "2023-04-25T23:41:10.336"}}, {"model": "api.comment", "pk": 2, "fields": {"review": 173, "text": "\u041d\u0443 \u043d\u0430\u0434\u043e \u0436\u0435, \u043d\u0435 \u043d\u0430\u0448\u043b\u043e\u0441\u044c \u043d\u0438\u0447\u0435\u0433\u043e \u043b\u0443\u0447\u0448\u0435\u0433\u043e, \u043a\u0440\u043e\u043c\u0435 \u043a\u0430\u043a \u043f\u0440\u043e\u043a\u043e\u043c\u043c\u0435\u043d\u0442\u0438\u0440\u043e\u0432\u0430\u0442\u044c \u0440\u0430\u0437\u0433\u043e\u0432\u043e\u0440 \u043f\u0440\u043e \u0433\u0430\u043c\u0431\u0443\u0440\u0433\u0435\u0440\u044b, \u0431\u0443\u0434\u0442\u043e \u0432 \u0444\u0438\u043b\u044c\u043c\u0435 \u043d\u0438\u0447\u0435\u0433\u043e \u0432\u0430\u0436\u043d\u0435\u0435 \u044d\u0442\u043e\u0433\u043e \u043d\u0435\u0442", "author": 3, "pub_date": "2023-04-25T23:41:10.337"}}, {"model": "api.comment", "pk": 3, "fields": {"review": 173, "text": "\u041a\u0441\u0442\u0430\u0442\u0438, \u0430 \u0447\u0442\u043e \u0442\u0430\u043a\u043e\u0435 \"\u0447\u0435\u0442\u0432\u0435\u0440\u0442\u044c \u0444\u0443\u043d\u0442\u0430\"? \u0412 \u0433\u0440\u0430\u043c\u043c\u0430\u0445 \u044d\u0442\u043e \u0441\u043a\u043e\u043b\u044c\u043a\u043e?", "author": 5, "pub_date": "2023-04-25T23:41:10.337"}}, {"model": "api.comment", "pk": 4, "fields": {"review": 217, "text": "\u0412\u043e\u0442 \u044d\u0442\u043e \u0434\u0430, \u043d\u0438\u043a\u043e\u0433\u0434\u0430 \u043d\u0435 \u0441\u043b\u044b\u0448\u0430\u043b \u043e\u0431 \u044d\u0442\u043e\u043c! \u0421\u043f\u0430\u0441\u0438\u0431\u043e \u0437\u0430 \u0438\u043d\u0444\u043e\u0440\u043c\u0430\u0446\u0438\u044e", "author": 2, "pub_date": "2023-04-25T23:41:44.354"}}, {"model": "api.comment", "pk": 5, "fields": {"review": 217, "text": "\u041f\u043e\u0447\u0435\u043c\u0443 \u043e\u0431\u044f\u0437\u0430\u0442\u0435\u043b\u044c\u043d\u043e  \u043d\u0443\u0436\u043d\u043e \u043b\u044e\u0431\u043e\u0439 \u0440\u0430\u0437\u0433\u043e\u0432\u043e\u0440 \u0441\u0432\u043e\u0434\u0438\u0442\u044c \u043a \u043d\u0430\u0432\u043e\u0437\u0443? \u0425\u043e\u0440\u043e\u0448\u0430\u044f \u0434\u0435\u0442\u0441\u043a\u0430\u044f \u0441\u043a\u0430\u0437\u043a\u0430, \u0432\u0430 \u0432\u044b \u0442\u0443\u0442 \u043f\u0438\u0448\u0435\u0442\u0435 \u043f\u0440\u043e \u043a\u0430\u043a\u0438\u0435-\u0442\u043e \u0441\u0443\u0431\u0441\u0442\u0430\u043d\u0446\u0438\u0438 \u043d\u0435\u043f\u0440\u0438\u044f\u0442\u043d\u044b\u0435. \u0424\u0443 \u0442\u0430\u043a\u0438\u043c \u0431\u044b\u0442\u044c.", "author": 5, "pub_date": "2023-04-25T23:41:44.354"}}, {"model": "admin.logentry", "pk": 1, "fields": {"action_time": "2023-04-25T11:47:06.981", "user": 1, "content_type": 7, "object_id": "1", "object_repr": "\u0424\u0438\u043b\u044c\u043c", "action_flag": 1, "change_message": "[{\"added\": {}}]"}}, {"model": "admin.logentry", "pk": 2, "fields": {"action_time": "2023-04-25T11:47:16.536", "user": 1, "content_type": 7, "object_id": "2", "object_repr": "\u041a\u043d\u0438\u0433\u0430", "action_flag": 1, "change_message": "[{\"added\": {}}]"}}, {"model": "admin.logentry", "pk": 3, "fields": {"action_time": "2023-04-25T11:47:25.007", "user": 1, "content_type": 7, "object_id": "3", "object_repr": "\u041c\u0443\u0437\u044b\u043a\u0430", "action_flag": 1, "change_message": "[{\"added\": {}}]"}}, {"model": "admin.logentry", "pk": 4, "fields": {"action_time": "2023-04-25T11:48:05.512", "user": 1, "content_type": 7, "object_id": "4", "object_repr": "\u0411\u0435\u0437 \u043a\u0430\u0442\u0435\u0433\u043e\u0440\u0438\u0438", "action_flag": 1, "change_message": "[{\"added\": {}}]"}}, {"model": "admin.logentry", "pk": 5, "fields": {"action_time": "2023-04-25T11:48:51.172", "user": 1, "content_type": 10, "object_id": "1", "object_repr": "\u041f\u043e\u0431\u0435\u0433 \u0438\u0437 \u0428\u043e\u0443\u0448\u0435\u043d\u043a\u0430", "action_flag": 1, "change_message": "[{\"added\": {}}]"}}, {"model": "admin.logentry", "pk": 6, "fields": {"action_time": "2023-04-25T11:49:00.654", "user": 1, "content_type": 10, "object_id": "2", "object_repr": "\u041a\u0440\u0435\u0441\u0442\u043d\u044b\u0439 \u043e\u0442\u0435\u0446", "action_flag": 1, "change_message": "[{\"added\": {}}]"}}, {"model": "admin.logentry", "pk": 7, "fields": {"action_time": "2023-04-25T11:49:09.203", "user": 1, "content_type": 10, "object_id": "3", "object_repr": "12 \u0440\u0430\u0437\u0433\u043d\u0435\u0432\u0430\u043d\u043d\u044b\u0445 \u043c\u0443\u0436\u0447\u0438\u043d", "action_flag": 1, "change_message": "[{\"added\": {}}]"}}, {"model": "admin.logentry", "pk": 8, "fields": {"action_time": "2023-04-25T11:49:17.107", "user": 1, "content_type": 10, "object_id": "4", "object_repr": "\u0421\u043f\u0438\u0441\u043e\u043a \u0428\u0438\u043d\u0434\u043b\u0435\u0440\u0430", "action_flag": 1, "change_message": "[{\"added\": {}}]"}}, {"model": "admin.logentry", "pk": 9, "fields": {"action_time": "2023-04-25T11:49:25.795", "user": 1, "content_type": 10, "object_id": "5", "object_repr": "\u041a\u0440\u0438\u043c\u0438\u043d\u0430\u043b\u044c\u043d\u043e\u0435 \u0447\u0442\u0438\u0432\u043e", "action_flag": 1, "change_message": "[{\"added\": {}}]"}}, {"model": "admin.logentry", "pk": 10, "fields": {"action_time": "2023-04-25T11:49:35.620", "user": 1, "content_type": 10, "object_id": "6", "object_repr": "\u0425\u043e\u0440\u043e\u0448\u0438\u0439, \u043f\u043b\u043e\u0445\u043e\u0439, \u0437\u043b\u043e\u0439", "action_flag": 1, "change_message": "[{\"added\": {}}]"}}, {"model": "admin.logentry", "pk": 11, "fields": {"action_time": "2023-04-25T11:49:45.278", "user": 1, "content_type": 10, "object_id": "7", "object_repr": "\u0412\u043b\u0430\u0441\u0442\u0435\u043b\u0438\u043d \u043a\u043e\u043b\u0435\u0446: \u0411\u0440\u0430\u0442\u0441\u0442\u0432\u043e \u043a\u043e\u043b\u044c\u0446\u0430", "action_flag": 1, "change_message": "[{\"added\": {}}]"}}, {"model": "admin.logentry", "pk": 12, "fields": {"action_time": "2023-04-25T11:49:56.559", "user": 1, "content_type": 10, "object_id": "8", "object_repr": "\u0411\u043e\u0439\u0446\u043e\u0432\u0441\u043a\u0438\u0439 \u043a\u043b\u0443\u0431", "action_flag": 1, "change_message": "[{\"added\": {}}]"}}, {"model": "admin.logentry", "pk": 13, "fields": {"action_time": "2023-04-25T11:50:04.165", "user": 1, "content_type": 10, "object_id": "9", "object_repr": "\u0424\u043e\u0440\u0440\u0435\u0441\u0442 \u0413\u0430\u043c\u043f", "action_flag": 1, "change_message": "[{\"added\": {}}]"}}, {"model": "admin.logentry", "pk": 14, "fields": {"action_time": "2023-04-25T11:50:28.005", "user": 1, "content_type": 10, "object_id": "10", "object_repr": "\u0417\u0432\u0451\u0437\u0434\u043d\u044b\u0435 \u0432\u043e\u0439\u043d\u044b. \u042d\u043f\u0438\u0437\u043e\u0434 5: \u0418\u043c\u043f\u0435\u0440\u0438\u044f \u043d\u0430\u043d\u043e\u0441\u0438\u0442 \u043e\u0442\u0432\u0435\u0442\u043d\u044b\u0439 \u0443\u0434\u0430\u0440", "action_flag": 1, "change_message": "[{\"added\": {}}]"}}, {"model": "admin.logentry", "pk": 15, "fields": {"action_time": "2023-04-25T11:50:36.478", "user": 1, "content_type": 10, "object_id": "11", "object_repr": "\u0412\u043b\u0430\u0441\u0442\u0435\u043b\u0438\u043d \u043a\u043e\u043b\u0435\u0446: \u0414\u0432\u0435 \u043a\u0440\u0435\u043f\u043e\u0441\u0442\u0438", "action_flag": 1, "change_message": "[{\"added\": {}}]"}}, {"model": "admin.logentry", "pk": 16, "fields": {"action_time": "2023-04-25T11:50:48.741", "user": 1, "content_type": 10, "object_id": "12", "object_repr": "\u041c\u0430\u0442\u0440\u0438\u0446\u0430", "action_flag": 1, "change_message": "[{\"added\": {}}]"}}, {"model": "admin.logentry", "pk": 17, "fields": {"action_time": "2023-04-25T11:50:57.012", "user": 1, "content_type": 10, "object_id": "13", "object_repr": "\u041f\u0440\u043e\u043b\u0435\u0442\u0430\u044f \u043d\u0430\u0434 \u0433\u043d\u0435\u0437\u0434\u043e\u043c \u043a\u0443\u043a\u0443\u0448\u043a\u0438", "action_flag": 1, "change_message": "[{\"added\": {}}]"}}, {"model": "admin.logentry", "pk": 18, "fields": {"action_time": "2023-04-25T11:51:04.747", "user": 1, "content_type": 10, "object_id": "14", "object_repr": "\u041d\u0430\u0437\u0430\u0434 \u0432 \u0431\u0443\u0434\u0443\u0449\u0435\u0435", "action_flag": 1, "change_message": "[{\"added\": {}}]"}}, {"model": "admin.logentry", "pk": 19, "fields": {"action_time": "2023-04-25T11:51:14.313", "user": 1, "content_type": 10, "object_id": "15", "object_repr": "\u041e\u043f\u0435\u0440\u0430\u0446\u0438\u044f \u00ab\u042b\u00bb \u0438 \u0434\u0440\u0443\u0433\u0438\u0435 \u043f\u0440\u0438\u043a\u043b\u044e\u0447\u0435\u043d\u0438\u044f \u0428\u0443\u0440\u0438\u043a\u0430", "action_flag": 1, "change_message": "[{\"added\": {}}]"}}, {"model": "admin.logentry", "pk": 20, "fields": {"action_time": "2023-04-25T11:51:23.405", "user": 1, "content_type": 10, "object_id": "16", "object_repr": "\u041a\u0430\u0440\u0442\u044b, \u0434\u0435\u043d\u044c\u0433\u0438, \u0434\u0432\u0430 \u0441\u0442\u0432\u043e\u043b\u0430", "action_flag": 1, "change_message": "[{\"added\": {}}]"}}, {"model": "admin.logentry", "pk": 21, "fields": {"action_time": "2023-04-25T11:51:32.164", "user": 1, "content_type": 10, "object_id": "17", "object_repr": "\u0414\u0436\u0435\u043d\u0442\u043b\u044c\u043c\u0435\u043d\u044b \u0443\u0434\u0430\u0447\u0438", "action_flag": 1, "change_message": "[{\"added\": {}}]"}}, {"model": "admin.logentry", "pk": 22, "fields": {"action_time": "2023-04-25T11:51:43.469", "user": 1, "content_type": 10, "object_id": "18", "object_repr": "\u0414\u0436\u0430\u043d\u0433\u043e \u043e\u0441\u0432\u043e\u0431\u043e\u0436\u0434\u0435\u043d\u043d\u044b\u0439", "action_flag": 1, "change_message": "[{\"added\": {}}]"}}, {"model": "admin.logentry", "pk": 23, "fields": {"action_time": "2023-04-25T11:51:50.468", "user": 1, "content_type": 10, "object_id": "19", "object_repr": "Generation \u041f", "action_flag": 1, "change_message": "[{\"added\": {}}]"}}, {"model": "admin.logentry", "pk": 24, "fields": {"action_time": "2023-04-25T11:51:58.742", "user": 1, "content_type": 10, "object_id": "20", "object_repr": "\u041a\u043e\u043b\u043e\u0431\u043e\u043a", "action_flag": 1, "change_message": "[{\"added\": {}}]"}}, {"model": "admin.logentry", "pk": 25, "fields": {"action_time": "2023-04-25T11:52:13.758", "user": 1, "content_type": 10, "object_id": "21", "object_repr": "\u0421\u0442\u0440\u0430\u0445 \u0438 \u043d\u0435\u043d\u0430\u0432\u0438\u0441\u0442\u044c \u0432 \u041b\u0430\u0441-\u0412\u0435\u0433\u0430\u0441\u0435", "action_flag": 1, "change_message": "[{\"added\": {}}]"}}, {"model": "admin.logentry", "pk": 26, "fields": {"action_time": "2023-04-25T11:52:23.936", "user": 1, "content_type": 10, "object_id": "20", "object_repr": "\u041a\u043e\u043b\u043e\u0431\u043e\u043a", "action_flag": 2, "change_message": "[{\"changed\": {\"fields\": [\"Category\"]}}]"}}, {"model": "admin.logentry", "pk": 27, "fields": {"action_time": "2023-04-25T11:52:34.285", "user": 1, "content_type": 10, "object_id": "22", "object_repr": "\u0412\u043e\u0439\u043d\u0430 \u0438 \u043c\u0438\u0440", "action_flag": 1, "change_message": "[{\"added\": {}}]"}}, {"model": "admin.logentry", "pk": 28, "fields": {"action_time": "2023-04-25T11:52:44.061", "user": 1, "content_type": 10, "object_id": "23", "object_repr": "\u0423\u043b\u0438\u0441\u0441", "action_flag": 1, "change_message": "[{\"added\": {}}]"}}, {"model": "admin.logentry", "pk": 29, "fields": {"action_time": "2023-04-25T11:52:54.676", "user": 1, "content_type": 10, "object_id": "24", "object_repr": "Generation \u041f", "action_flag": 1, "change_message": "[{\"added\": {}}]"}}, {"model": "admin.logentry", "pk": 30, "fields": {"action_time": "2023-04-25T11:53:06.181", "user": 1, "content_type": 10, "object_id": "25", "object_repr": "\u0412\u0438\u043d\u043d\u0438 \u041f\u0443\u0445 \u0438 \u0432\u0441\u0435-\u0432\u0441\u0435-\u0432\u0441\u0435", "action_flag": 1, "change_message": "[{\"added\": {}}]"}}, {"model": "admin.logentry", "pk": 31, "fields": {"action_time": "2023-04-25T11:53:14.854", "user": 1, "content_type": 10, "object_id": "26", "object_repr": "\u0421\u0442\u0430\u0441 \u041c\u0438\u0445\u0430\u0439\u043b\u043e\u0432 - \u041f\u043e\u0437\u044b\u0432\u043d\u044b\u0435 \u043d\u0430 \u043b\u044e\u0431\u043e\u0432\u044c", "action_flag": 1, "change_message": "[{\"added\": {}}]"}}, {"model": "admin.logentry", "pk": 32, "fields": {"action_time": "2023-04-25T11:53:26.086", "user": 1, "content_type": 10, "object_id": "27", "object_repr": "Led Zeppelin \u2014 Stairway to Heaven", "action_flag": 1, "change_message": "[{\"added\": {}}]"}}, {"model": "admin.logentry", "pk": 33, "fields": {"action_time": "2023-04-25T11:53:35.997", "user": 1, "content_type": 10, "object_id": "28", "object_repr": "Jethro Tull - Aqualung", "action_flag": 1, "change_message": "[{\"added\": {}}]"}}, {"model": "admin.logentry", "pk": 34, "fields": {"action_time": "2023-04-25T11:53:46.180", "user": 1, "content_type": 10, "object_id": "29", "object_repr": "Elvis Presley - Blue Suede Shoes", "action_flag": 1, "change_message": "[{\"added\": {}}]"}}, {"model": "admin.logentry", "pk": 35, "fields": {"action_time": "2023-04-25T11:54:02.045", "user": 1, "content_type": 10, "object_id": "30", "object_repr": "Deep Purple - Smoke on the Water", "action_flag": 1, "change_message": "[{\"added\": {}}]"}}, {"model": "admin.logentry", "pk": 36, "fields": {"action_time": "2023-04-25T11:54:11.676", "user": 1, "content_type": 10, "object_id": "31", "object_repr": "\u041c\u043e\u0446\u0430\u0440\u0442 - \u0422\u0443\u0440\u0435\u0446\u043a\u0438\u0439 \u043c\u0430\u0440\u0448", "action_flag": 1, "change_message": "[{\"added\": {}}]"}}, {"model": "admin.logentry", "pk": 37, "fields": {"action_time": "2023-04-25T11:54:21.661", "user": 1, "content_type": 10, "object_id": "32", "object_repr": "\u0411\u0430\u0445. \u041e\u0440\u043a\u0435\u0441\u0442\u0440\u043e\u0432\u0430\u044f \u0421\u044e\u0438\u0442\u0430 \u21162 \u0441\u0438 \u043c\u0438\u043d\u043e\u0440", "action_flag": 1, "change_message": "[{\"added\": {}}]"}}, {"model": "admin.logentry", "pk": 38, "fields": {"action_time": "2023-04-25T13:21:51.906", "user": 1, "content_type": 6, "object_id": "1", "object_repr": "msmir", "action_flag": 2, "change_message": "[{\"changed\": {\"fields\": [\"Role\"]}}]"}}, {"model": "admin.logentry", "pk": 71, "fields": {"action_time": "2023-04-25T21:28:53.175", "user": 1, "content_type": 6, "object_id": "2", "object_repr": "bingobongo", "action_flag": 1, "change_message": "[{\"added\": {}}]"}}, {"model": "admin.logentry", "pk": 72, "fields": {"action_time": "2023-04-25T21:29:11.678", "user": 1, "content_type": 6, "object_id": "2", "object_repr": "bingobongo", "action_flag": 2, "change_message": "[{\"changed\": {\"fields\": [\"Email\"]}}]"}}, {"model": "admin.logentry", "pk": 73, "fields": {"action_time": "2023-04-25T21:29:36.762", "user": 1, "content_type": 6, "object_id": "3", "object_repr": "capt_obvious", "action_flag": 1, "change_message": "[{\"added\": {}}]"}}, {"model": "admin.logentry", "pk": 74, "fields": {"action_time": "2023-04-25T21:29:54.040", "user": 1, "content_type": 6, "object_id": "3", "object_repr": "capt_obvious", "action_flag": 2, "change_message": "[{\"changed\": {\"fields\": [\"Email\", \"Role\"]}}]"}}, {"model": "admin.logentry", "pk": 75, "fields": {"action_time": "2023-04-25T21:30:12.075", "user": 1, "content_type": 6, "object_id": "4", "object_repr": "faust", "action_flag": 1, "change_message": "[{\"added\": {}}]"}}, {"model": "admin.logentry", "pk": 76, "fields": {"action_time": "2023-04-25T21:30:21.935", "user": 1, "content_type": 6, "object_id": "4", "object_repr": "faust", "action_flag": 2, "change_message": "[{\"changed\": {\"fields\": [\"Email\"]}}]"}}, {"model": "admin.logentry", "pk": 77, "fields": {"action_time": "2023-04-25T21:30:34.618", "user": 1, "content_type": 6, "object_id": "5", "object_repr": "reviewer", "action_flag": 1, "change_message": "[{\"added\": {}}]"}}, {"model": "admin.logentry", "pk": 78, "fields": {"action_time": "2023-04-25T21:30:43.488", "user": 1, "content_type": 6, "object_id": "5", "object_repr": "reviewer", "action_flag": 2, "change_message": "[{\"changed\": {\"fields\": [\"Email\"]}}]"}}, {"model": "admin.logentry", "pk": 79, "fields": {"action_time": "2023-04-25T21:30:55.825", "user": 1, "content_type": 6, "object_id": "6", "object_repr": "angry", "action_flag": 1, "change_message": "[{\"added\": {}}]"}}, {"model": "admin.logentry", "pk": 80, "fields": {"action_time": "2023-04-25T21:31:11.411", "user": 1, "content_type": 6, "object_id": "6", "object_repr": "angry", "action_flag": 2, "change_message": "[{\"changed\": {\"fields\": [\"Email\", \"Role\"]}}]"}}, {"model": "admin.logentry", "pk": 81, "fields": {"action_time": "2023-04-25T22:29:49.612", "user": 1, "content_type": 10, "object_id": "1", "object_repr": "\u041f\u043e\u0431\u0435\u0433 \u0438\u0437 \u0428\u043e\u0443\u0448\u0435\u043d\u043a\u0430", "action_flag": 2, "change_message": "[]"}}, {"model": "admin.logentry", "pk": 82, "fields": {"action_time": "2023-04-25T22:39:54.427", "user": 1, "content_type": 10, "object_id": "1", "object_repr": "\u041f\u043e\u0431\u0435\u0433 \u0438\u0437 \u0428\u043e\u0443\u0448\u0435\u043d\u043a\u0430", "action_flag": 2, "change_message": "[{\"added\": {\"name\": \"\\u0420\\u0435\\u0432\\u044c\\u044e\", \"object\": \"Review object (136)\"}}]"}}, {"model": "admin.logentry", "pk": 115, "fields": {"action_time": "2023-04-25T22:40:52.739", "user": 1, "content_type": 10, "object_id": "1", "object_repr": "\u041f\u043e\u0431\u0435\u0433 \u0438\u0437 \u0428\u043e\u0443\u0448\u0435\u043d\u043a\u0430", "action_flag": 2, "change_message": "[{\"added\": {\"name\": \"\\u0420\\u0435\\u0432\\u044c\\u044e\", \"object\": \"\\u041f\\u043e\\u0431\\u0435\\u0433 \\u0438\\u0437 \\u0428\\u043e\\u0443\\u0448\\u0435\\u043d\\u043a\\u0430\"}}]"}}, {"model": "admin.logentry", "pk": 116, "fields": {"action_time": "2023-04-25T22:41:34.436", "user": 1, "content_type": 10, "object_id": "2", "object_repr": "\u041a\u0440\u0435\u0441\u0442\u043d\u044b\u0439 \u043e\u0442\u0435\u0446", "action_flag": 2, "change_message": "[{\"added\": {\"name\": \"\\u0420\\u0435\\u0432\\u044c\\u044e\", \"object\": \"\\u041a\\u0440\\u0435\\u0441\\u0442\\u043d\\u044b\\u0439 \\u043e\\u0442\\u0435\\u0446\"}}, {\"added\": {\"name\": \"\\u0420\\u0435\\u0432\\u044c\\u044e\", \"object\": \"\\u041a\\u0440\\u0435\\u0441\\u0442\\u043d\\u044b\\u0439 \\u043e\\u0442\\u0435\\u0446\"}}]"}}, {"model": "admin.logentry", "pk": 117, "fields": {"action_time": "2023-04-25T22:41:50.048", "user": 1, "content_type": 10, "object_id": "2", "object_repr": "\u041a\u0440\u0435\u0441\u0442\u043d\u044b\u0439 \u043e\u0442\u0435\u0446", "action_flag": 2, "change_message": "[{\"added\": {\"name\": \"\\u0420\\u0435\\u0432\\u044c\\u044e\", \"object\": \"\\u041a\\u0440\\u0435\\u0441\\u0442\\u043d\\u044b\\u0439 \\u043e\\u0442\\u0435\\u0446\"}}]"}}, {"model": "admin.logentry", "pk": 118, "fields": {"action_time": "2023-04-25T22:42:21.574", "user": 1, "content_type": 10, "object_id": "5", "object_repr": "\u041a\u0440\u0438\u043c\u0438\u043d\u0430\u043b\u044c\u043d\u043e\u0435 \u0447\u0442\u0438\u0432\u043e", "action_flag": 2, "change_message": "[{\"added\": {\"name\": \"\\u0420\\u0435\\u0432\\u044c\\u044e\", \"object\": \"\\u041a\\u0440\\u0438\\u043c\\u0438\\u043d\\u0430\\u043b\\u044c\\u043d\\u043e\\u0435 \\u0447\\u0442\\u0438\\u0432\\u043e\"}}, {\"added\": {\"name\": \"\\u0420\\u0435\\u0432\\u044c\\u044e\", \"object\": \"\\u041a\\u0440\\u0438\\u043c\\u0438\\u043d\\u0430\\u043b\\u044c\\u043d\\u043e\\u0435 \\u0447\\u0442\\u0438\\u0432\\u043e\"}}, {\"added\": {\"name\": \"\\u0420\\u0435\\u0432\\u044c\\u044e\", \"object\": \"\\u041a\\u0440\\u0438\\u043c\\u0438\\u043d\\u0430\\u043b\\u044c\\u043d\\u043e\\u0435 \\u0447\\u0442\\u0438\\u0432\\u043e\"}}]"}}, {"model": "admin.logentry", "pk": 119, "fields": {"action_time": "2023-04-25T22:42:53.446", "user": 1, "content_type": 10, "object_id": "6", "object_repr": "\u0425\u043e\u0440\u043e\u0448\u0438\u0439, \u043f\u043b\u043e\u0445\u043e\u0439, \u0437\u043b\u043e\u0439", "action_flag": 2, "change_message": "[{\"added\": {\"name\": \"\\u0420\\u0435\\u0432\\u044c\\u044e\", \"object\": \"\\u0425\\u043e\\u0440\\u043e\\u0448\\u0438\\u0439, \\u043f\\u043b\\u043e\\u0445\\u043e\\u0439, \\u0437\\u043b\\u043e\\u0439\"}}, {\"added\": {\"name\": \"\\u0420\\u0435\\u0432\\u044c\\u044e\", \"object\": \"\\u0425\\u043e\\u0440\\u043e\\u0448\\u0438\\u0439, \\u043f\\u043b\\u043e\\u0445\\u043e\\u0439, \\u0437\\u043b\\u043e\\u0439\"}}, {\"added\": {\"name\": \"\\u0420\\u0435\\u0432\\u044c\\u044e\", \"object\": \"\\u0425\\u043e\\u0440\\u043e\\u0448\\u0438\\u0439, \\u043f\\u043b\\u043e\\u0445\\u043e\\u0439, \\u0437\\u043b\\u043e\\u0439\"}}]"}}, {"model": "admin.logentry", "pk": 120, "fields": {"action_time": "2023-04-25T22:43:21.772", "user": 1, "content_type": 10, "object_id": "14", "object_repr": "\u041d\u0430\u0437\u0430\u0434 \u0432 \u0431\u0443\u0434\u0443\u0449\u0435\u0435", "action_flag": 2, "change_message": "[{\"added\": {\"name\": \"\\u0420\\u0435\\u0432\\u044c\\u044e\", \"object\": \"\\u041d\\u0430\\u0437\\u0430\\u0434 \\u0432 \\u0431\\u0443\\u0434\\u0443\\u0449\\u0435\\u0435\"}}, {\"added\": {\"name\": \"\\u0420\\u0435\\u0432\\u044c\\u044e\", \"object\": \"\\u041d\\u0430\\u0437\\u0430\\u0434 \\u0432 \\u0431\\u0443\\u0434\\u0443\\u0449\\u0435\\u0435\"}}, {\"added\": {\"name\": \"\\u0420\\u0435\\u0432\\u044c\\u044e\", \"object\": \"\\u041d\\u0430\\u0437\\u0430\\u0434 \\u0432 \\u0431\\u0443\\u0434\\u0443\\u0449\\u0435\\u0435\"}}]"}}, {"model": "admin.logentry", "pk": 121, "fields": {"action_time": "2023-04-25T22:43:57.687", "user": 1, "content_type": 10, "object_id": "17", "object_repr": "\u0414\u0436\u0435\u043d\u0442\u043b\u044c\u043c\u0435\u043d\u044b \u0443\u0434\u0430\u0447\u0438", "action_flag": 2, "change_message": "[{\"added\": {\"name\": \"\\u0420\\u0435\\u0432\\u044c\\u044e\", \"object\": \"\\u0414\\u0436\\u0435\\u043d\\u0442\\u043b\\u044c\\u043c\\u0435\\u043d\\u044b \\u0443\\u0434\\u0430\\u0447\\u0438\"}}]"}}, {"model": "admin.logentry", "pk": 122, "fields": {"action_time": "2023-04-25T22:44:20.947", "user": 1, "content_type": 10, "object_id": "3", "object_repr": "12 \u0440\u0430\u0437\u0433\u043d\u0435\u0432\u0430\u043d\u043d\u044b\u0445 \u043c\u0443\u0436\u0447\u0438\u043d", "action_flag": 2, "change_message": "[{\"added\": {\"name\": \"\\u0420\\u0435\\u0432\\u044c\\u044e\", \"object\": \"12 \\u0440\\u0430\\u0437\\u0433\\u043d\\u0435\\u0432\\u0430\\u043d\\u043d\\u044b\\u0445 \\u043c\\u0443\\u0436\\u0447\\u0438\\u043d\"}}, {\"added\": {\"name\": \"\\u0420\\u0435\\u0432\\u044c\\u044e\", \"object\": \"12 \\u0440\\u0430\\u0437\\u0433\\u043d\\u0435\\u0432\\u0430\\u043d\\u043d\\u044b\\u0445 \\u043c\\u0443\\u0436\\u0447\\u0438\\u043d\"}}]"}}, {"model": "admin.logentry", "pk": 123, "fields": {"action_time": "2023-04-25T22:44:46.698", "user": 1, "content_type": 10, "object_id": "4", "object_repr": "\u0421\u043f\u0438\u0441\u043e\u043a \u0428\u0438\u043d\u0434\u043b\u0435\u0440\u0430", "action_flag": 2, "change_message": "[{\"added\": {\"name\": \"\\u0420\\u0435\\u0432\\u044c\\u044e\", \"object\": \"\\u0421\\u043f\\u0438\\u0441\\u043e\\u043a \\u0428\\u0438\\u043d\\u0434\\u043b\\u0435\\u0440\\u0430\"}}, {\"added\": {\"name\": \"\\u0420\\u0435\\u0432\\u044c\\u044e\", \"object\": \"\\u0421\\u043f\\u0438\\u0441\\u043e\\u043a \\u0428\\u0438\\u043d\\u0434\\u043b\\u0435\\u0440\\u0430\"}}]"}}, {"model": "admin.logentry", "pk": 124, "fields": {"action_time": "2023-04-25T22:45:12.346", "user": 1, "content_type": 10, "object_id": "7", "object_repr": "\u0412\u043b\u0430\u0441\u0442\u0435\u043b\u0438\u043d \u043a\u043e\u043b\u0435\u0446: \u0411\u0440\u0430\u0442\u0441\u0442\u0432\u043e \u043a\u043e\u043b\u044c\u0446\u0430", "action_flag": 2, "change_message": "[{\"added\": {\"name\": \"\\u0420\\u0435\\u0432\\u044c\\u044e\", \"object\": \"\\u0412\\u043b\\u0430\\u0441\\u0442\\u0435\\u043b\\u0438\\u043d \\u043a\\u043e\\u043b\\u0435\\u0446: \\u0411\\u0440\\u0430\\u0442\\u0441\\u0442\\u0432\\u043e \\u043a\\u043e\\u043b\\u044c\\u0446\\u0430\"}}, {\"added\": {\"name\": \"\\u0420\\u0435\\u0432\\u044c\\u044e\", \"object\": \"\\u0412\\u043b\\u0430\\u0441\\u0442\\u0435\\u043b\\u0438\\u043d \\u043a\\u043e\\u043b\\u0435\\u0446: \\u0411\\u0440\\u0430\\u0442\\u0441\\u0442\\u0432\\u043e \\u043a\\u043e\\u043b\\u044c\\u0446\\u0430\"}}]"}}, {"model": "admin.logentry", "pk": 125, "fields": {"action_time": "2023-04-25T22:45:36.269", "user": 1, "content_type": 10, "object_id": "8", "object_repr": "\u0411\u043e\u0439\u0446\u043e\u0432\u0441\u043a\u0438\u0439 \u043a\u043b\u0443\u0431", "action_flag": 2, "change_message": "[{\"added\": {\"name\": \"\\u0420\\u0435\\u0432\\u044c\\u044e\", \"object\": \"\\u0411\\u043e\\u0439\\u0446\\u043e\\u0432\\u0441\\u043a\\u0438\\u0439 \\u043a\\u043b\\u0443\\u0431\"}}, {\"added\": {\"name\": \"\\u0420\\u0435\\u0432\\u044c\\u044e\", \"object\": \"\\u0411\\u043e\\u0439\\u0446\\u043e\\u0432\\u0441\\u043a\\u0438\\u0439 \\u043a\\u043b\\u0443\\u0431\"}}]"}}, {"model": "admin.logentry", "pk": 126, "fields": {"action_time": "2023-04-25T22:46:08.192", "user": 1, "content_type": 10, "object_id": "9", "object_repr": "\u0424\u043e\u0440\u0440\u0435\u0441\u0442 \u0413\u0430\u043c\u043f", "action_flag": 2, "change_message": "[{\"added\": {\"name\": \"\\u0420\\u0435\\u0432\\u044c\\u044e\", \"object\": \"\\u0424\\u043e\\u0440\\u0440\\u0435\\u0441\\u0442 \\u0413\\u0430\\u043c\\u043f\"}}, {\"added\": {\"name\": \"\\u0420\\u0435\\u0432\\u044c\\u044e\", \"object\": \"\\u0424\\u043e\\u0440\\u0440\\u0435\\u0441\\u0442 \\u0413\\u0430\\u043c\\u043f\"}}, {\"added\": {\"name\": \"\\u0420\\u0435\\u0432\\u044c\\u044e\", \"object\": \"\\u0424\\u043e\\u0440\\u0440\\u0435\\u0441\\u0442 \\u0413\\u0430\\u043c\\u043f\"}}]"}}, {"model": "admin.logentry", "pk": 127, "fields": {"action_time": "2023-04-25T22:46:35.084", "user": 1, "content_type": 10, "object_id": "10", "object_repr": "\u0417\u0432\u0451\u0437\u0434\u043d\u044b\u0435 \u0432\u043e\u0439\u043d\u044b. \u042d\u043f\u0438\u0437\u043e\u0434 5: \u0418\u043c\u043f\u0435\u0440\u0438\u044f \u043d\u0430\u043d\u043e\u0441\u0438\u0442 \u043e\u0442\u0432\u0435\u0442\u043d\u044b\u0439 \u0443\u0434\u0430\u0440", "action_flag": 2, "change_message": "[{\"added\": {\"name\": \"\\u0420\\u0435\\u0432\\u044c\\u044e\", \"object\": \"\\u0417\\u0432\\u0451\\u0437\\u0434\\u043d\\u044b\\u0435 \\u0432\\u043e\\u0439\\u043d\\u044b. \\u042d\\u043f\\u0438\\u0437\\u043e\\u0434 5: \\u0418\\u043c\\u043f\\u0435\\u0440\\u0438\\u044f \\u043d\\u0430\\u043d\\u043e\\u0441\\u0438\\u0442 \\u043e\\u0442\\u0432\\u0435\\u0442\\u043d\\u044b\\u0439 \\u0443\\u0434\\u0430\\u0440\"}}, {\"added\": {\"name\": \"\\u0420\\u0435\\u0432\\u044c\\u044e\", \"object\": \"\\u0417\\u0432\\u0451\\u0437\\u0434\\u043d\\u044b\\u0435 \\u0432\\u043e\\u0439\\u043d\\u044b. \\u042d\\u043f\\u0438\\u0437\\u043e\\u0434 5: \\u0418\\u043c\\u043f\\u0435\\u0440\\u0438\\u044f \\u043d\\u0430\\u043d\\u043e\\u0441\\u0438\\u0442 \\u043e\\u0442\\u0432\\u0435\\u0442\\u043d\\u044b\\u0439 \\u0443\\u0434\\u0430\\u0440\"}}]"}}, {"model": "admin.logentry", "pk": 128, "fields": {"action_time": "2023-04-25T22:47:10.420", "user": 1, "content_type": 10, "object_id": "11", "object_repr": "\u0412\u043b\u0430\u0441\u0442\u0435\u043b\u0438\u043d \u043a\u043e\u043b\u0435\u0446: \u0414\u0432\u0435 \u043a\u0440\u0435\u043f\u043e\u0441\u0442\u0438", "action_flag": 2, "change_message": "[{\"added\": {\"name\": \"\\u0420\\u0435\\u0432\\u044c\\u044e\", \"object\": \"\\u0412\\u043b\\u0430\\u0441\\u0442\\u0435\\u043b\\u0438\\u043d \\u043a\\u043e\\u043b\\u0435\\u0446: \\u0414\\u0432\\u0435 \\u043a\\u0440\\u0435\\u043f\\u043e\\u0441\\u0442\\u0438\"}}, {\"added\": {\"name\": \"\\u0420\\u0435\\u0432\\u044c\\u044e\", \"object\": \"\\u0412\\u043b\\u0430\\u0441\\u0442\\u0435\\u043b\\u0438\\u043d \\u043a\\u043e\\u043b\\u0435\\u0446: \\u0414\\u0432\\u0435 \\u043a\\u0440\\u0435\\u043f\\u043e\\u0441\\u0442\\u0438\"}}, {\"added\": {\"name\": \"\\u0420\\u0435\\u0432\\u044c\\u044e\", \"object\": \"\\u0412\\u043b\\u0430\\u0441\\u0442\\u0435\\u043b\\u0438\\u043d \\u043a\\u043e\\u043b\\u0435\\u0446: \\u0414\\u0432\\u0435 \\u043a\\u0440\\u0435\\u043f\\u043e\\u0441\\u0442\\u0438\"}}]"}}, {"model": "admin.logentry", "pk": 129, "fields": {"action_time": "2023-04-25T22:47:39.440", "user": 1, "content_type": 10, "object_id": "12", "object_repr": "\u041c\u0430\u0442\u0440\u0438\u0446\u0430", "action_flag": 2, "change_message": "[{\"added\": {\"name\": \"\\u0420\\u0435\\u0432\\u044c\\u044e\", \"object\": \"\\u041c\\u0430\\u0442\\u0440\\u0438\\u0446\\u0430\"}}, {\"added\": {\"name\": \"\\u0420\\u0435\\u0432\\u044c\\u044e\", \"object\": \"\\u041c\\u0430\\u0442\\u0440\\u0438\\u0446\\u0430\"}}, {\"added\": {\"name\": \"\\u0420\\u0435\\u0432\\u044c\\u044e\", \"object\": \"\\u041c\\u0430\\u0442\\u0440\\u0438\\u0446\\u0430\"}}]"}}, {"model": "admin.logentry", "pk": 130, "fields": {"action_time": "2023-04-25T22:48:10.098", "user": 1, "content_type": 10, "object_id": "13", "object_repr": "\u041f\u0440\u043e\u043b\u0435\u0442\u0430\u044f \u043d\u0430\u0434 \u0433\u043d\u0435\u0437\u0434\u043e\u043c \u043a\u0443\u043a\u0443\u0448\u043a\u0438", "action_flag": 2, "change_message": "[{\"added\": {\"name\": \"\\u0420\\u0435\\u0432\\u044c\\u044e\", \"object\": \"\\u041f\\u0440\\u043e\\u043b\\u0435\\u0442\\u0430\\u044f \\u043d\\u0430\\u0434 \\u0433\\u043d\\u0435\\u0437\\u0434\\u043e\\u043c \\u043a\\u0443\\u043a\\u0443\\u0448\\u043a\\u0438\"}}, {\"added\": {\"name\": \"\\u0420\\u0435\\u0432\\u044c\\u044e\", \"object\": \"\\u041f\\u0440\\u043e\\u043b\\u0435\\u0442\\u0430\\u044f \\u043d\\u0430\\u0434 \\u0433\\u043d\\u0435\\u0437\\u0434\\u043e\\u043c \\u043a\\u0443\\u043a\\u0443\\u0448\\u043a\\u0438\"}}, {\"added\": {\"name\": \"\\u0420\\u0435\\u0432\\u044c\\u044e\", \"object\": \"\\u041f\\u0440\\u043e\\u043b\\u0435\\u0442\\u0430\\u044f \\u043d\\u0430\\u0434 \\u0433\\u043d\\u0435\\u0437\\u0434\\u043e\\u043c \\u043a\\u0443\\u043a\\u0443\\u0448\\u043a\\u0438\"}}]"}}, {"model": "admin.logentry", "pk": 131, "fields": {"action_time": "2023-04-25T22:48:40.301", "user": 1, "content_type": 10, "object_id": "15", "object_repr": "\u041e\u043f\u0435\u0440\u0430\u0446\u0438\u044f \u00ab\u042b\u00bb \u0438 \u0434\u0440\u0443\u0433\u0438\u0435 \u043f\u0440\u0438\u043a\u043b\u044e\u0447\u0435\u043d\u0438\u044f \u0428\u0443\u0440\u0438\u043a\u0430", "action_flag": 2, "change_message": "[{\"added\": {\"name\": \"\\u0420\\u0435\\u0432\\u044c\\u044e\", \"object\": \"\\u041e\\u043f\\u0435\\u0440\\u0430\\u0446\\u0438\\u044f \\u00ab\\u042b\\u00bb \\u0438 \\u0434\\u0440\\u0443\\u0433\\u0438\\u0435 \\u043f\\u0440\\u0438\\u043a\\u043b\\u044e\\u0447\\u0435\\u043d\\u0438\\u044f \\u0428\\u0443\\u0440\\u0438\\u043a\\u0430\"}}, {\"added\": {\"name\": \"\\u0420\\u0435\\u0432\\u044c\\u044e\", \"object\": \"\\u041e\\u043f\\u0435\\u0440\\u0430\\u0446\\u0438\\u044f \\u00ab\\u042b\\u00bb \\u0438 \\u0434\\u0440\\u0443\\u0433\\u0438\\u0435 \\u043f\\u0440\\u0438\\u043a\\u043b\\u044e\\u0447\\u0435\\u043d\\u0438\\u044f \\u0428\\u0443\\u0440\\u0438\\u043a\\u0430\"}}, {\"added\": {\"name\": \"\\u0420\\u0435\\u0432\\u044c\\u044e\", \"object\": \"\\u041e\\u043f\\u0435\\u0440\\u0430\\u0446\\u0438\\u044f \\u00ab\\u042b\\u00bb \\u0438 \\u0434\\u0440\\u0443\\u0433\\u0438\\u0435 \\u043f\\u0440\\u0438\\u043a\\u043b\\u044e\\u0447\\u0435\\u043d\\u0438\\u044f \\u0428\\u0443\\u0440\\u0438\\u043a\\u0430\"}}]"}}, {"model": "admin.logentry", "pk": 132, "fields": {"action_time": "2023-04-25T22:49:12.492", "user": 1, "content_type": 10, "object_id": "16", "object_repr": "\u041a\u0430\u0440\u0442\u044b, \u0434\u0435\u043d\u044c\u0433\u0438, \u0434\u0432\u0430 \u0441\u0442\u0432\u043e\u043b\u0430", "action_flag": 2, "change_message": "[{\"added\": {\"name\": \"\\u0420\\u0435\\u0432\\u044c\\u044e\", \"object\": \"\\u041a\\u0430\\u0440\\u0442\\u044b, \\u0434\\u0435\\u043d\\u044c\\u0433\\u0438, \\u0434\\u0432\\u0430 \\u0441\\u0442\\u0432\\u043e\\u043b\\u0430\"}}, {\"added\": {\"name\": \"\\u0420\\u0435\\u0432\\u044c\\u044e\", \"object\": \"\\u041a\\u0430\\u0440\\u0442\\u044b, \\u0434\\u0435\\u043d\\u044c\\u0433\\u0438, \\u0434\\u0432\\u0430 \\u0441\\u0442\\u0432\\u043e\\u043b\\u0430\"}}, {\"added\": {\"name\": \"\\u0420\\u0435\\u0432\\u044c\\u044e\", \"object\": \"\\u041a\\u0430\\u0440\\u0442\\u044b, \\u0434\\u0435\\u043d\\u044c\\u0433\\u0438, \\u0434\\u0432\\u0430 \\u0441\\u0442\\u0432\\u043e\\u043b\\u0430\"}}]"}}, {"model": "admin.logentry", "pk": 133, "fields": {"action_time": "2023-04-25T22:49:32.581", "user": 1, "content_type": 10, "object_id": "17", "object_repr": "\u0414\u0436\u0435\u043d\u0442\u043b\u044c\u043c\u0435\u043d\u044b \u0443\u0434\u0430\u0447\u0438", "action_flag": 2, "change_message": "[{\"added\": {\"name\": \"\\u0420\\u0435\\u0432\\u044c\\u044e\", \"object\": \"\\u0414\\u0436\\u0435\\u043d\\u0442\\u043b\\u044c\\u043c\\u0435\\u043d\\u044b \\u0443\\u0434\\u0430\\u0447\\u0438\"}}]"}}, {"model": "admin.logentry", "pk": 134, "fields": {"action_time": "2023-04-25T22:49:54.865", "user": 1, "content_type": 10, "object_id": "18", "object_repr": "\u0414\u0436\u0430\u043d\u0433\u043e \u043e\u0441\u0432\u043e\u0431\u043e\u0436\u0434\u0435\u043d\u043d\u044b\u0439", "action_flag": 2, "change_message": "[{\"added\": {\"name\": \"\\u0420\\u0435\\u0432\\u044c\\u044e\", \"object\": \"\\u0414\\u0436\\u0430\\u043d\\u0433\\u043e \\u043e\\u0441\\u0432\\u043e\\u0431\\u043e\\u0436\\u0434\\u0435\\u043d\\u043d\\u044b\\u0439\"}}, {\"added\": {\"name\": \"\\u0420\\u0435\\u0432\\u044c\\u044e\", \"object\": \"\\u0414\\u0436\\u0430\\u043d\\u0433\\u043e \\u043e\\u0441\\u0432\\u043e\\u0431\\u043e\\u0436\\u0434\\u0435\\u043d\\u043d\\u044b\\u0439\"}}]"}}, {"model": "admin.logentry", "pk": 135, "fields": {"action_time": "2023-04-25T22:50:14.748", "user": 1, "content_type": 10, "object_id": "19", "object_repr": "Generation \u041f", "action_flag": 2, "change_message": "[{\"added\": {\"name\": \"\\u0420\\u0435\\u0432\\u044c\\u044e\", \"object\": \"Generation \\u041f\"}}, {\"added\": {\"name\": \"\\u0420\\u0435\\u0432\\u044c\\u044e\", \"object\": \"Generation \\u041f\"}}]"}}, {"model": "admin.logentry", "pk": 136, "fields": {"action_time": "2023-04-25T22:50:38.906", "user": 1, "content_type": 10, "object_id": "20", "object_repr": "\u041a\u043e\u043b\u043e\u0431\u043e\u043a", "action_flag": 2, "change_message": "[{\"added\": {\"name\": \"\\u0420\\u0435\\u0432\\u044c\\u044e\", \"object\": \"\\u041a\\u043e\\u043b\\u043e\\u0431\\u043e\\u043a\"}}, {\"added\": {\"name\": \"\\u0420\\u0435\\u0432\\u044c\\u044e\", \"object\": \"\\u041a\\u043e\\u043b\\u043e\\u0431\\u043e\\u043a\"}}]"}}, {"model": "admin.logentry", "pk": 137, "fields": {"action_time": "2023-04-25T22:51:03.136", "user": 1, "content_type": 10, "object_id": "21", "object_repr": "\u0421\u0442\u0440\u0430\u0445 \u0438 \u043d\u0435\u043d\u0430\u0432\u0438\u0441\u0442\u044c \u0432 \u041b\u0430\u0441-\u0412\u0435\u0433\u0430\u0441\u0435", "action_flag": 2, "change_message": "[{\"added\": {\"name\": \"\\u0420\\u0435\\u0432\\u044c\\u044e\", \"object\": \"\\u0421\\u0442\\u0440\\u0430\\u0445 \\u0438 \\u043d\\u0435\\u043d\\u0430\\u0432\\u0438\\u0441\\u0442\\u044c \\u0432 \\u041b\\u0430\\u0441-\\u0412\\u0435\\u0433\\u0430\\u0441\\u0435\"}}, {\"added\": {\"name\": \"\\u0420\\u0435\\u0432\\u044c\\u044e\", \"object\": \"\\u0421\\u0442\\u0440\\u0430\\u0445 \\u0438 \\u043d\\u0435\\u043d\\u0430\\u0432\\u0438\\u0441\\u0442\\u044c \\u0432 \\u041b\\u0430\\u0441-\\u0412\\u0435\\u0433\\u0430\\u0441\\u0435\"}}]"}}, {"model": "admin.logentry", "pk": 138, "fields": {"action_time": "2023-04-25T22:51:37.773", "user": 1, "content_type": 10, "object_id": "22", "object_repr": "\u0412\u043e\u0439\u043d\u0430 \u0438 \u043c\u0438\u0440", "action_flag": 2, "change_message": "[{\"added\": {\"name\": \"\\u0420\\u0435\\u0432\\u044c\\u044e\", \"object\": \"\\u0412\\u043e\\u0439\\u043d\\u0430 \\u0438 \\u043c\\u0438\\u0440\"}}, {\"added\": {\"name\": \"\\u0420\\u0435\\u0432\\u044c\\u044e\", \"object\": \"\\u0412\\u043e\\u0439\\u043d\\u0430 \\u0438 \\u043c\\u0438\\u0440\"}}, {\"added\": {\"name\": \"\\u0420\\u0435\\u0432\\u044c\\u044e\", \"object\": \"\\u0412\\u043e\\u0439\\u043d\\u0430 \\u0438 \\u043c\\u0438\\u0440\"}}]"}}, {"model": "admin.logentry", "pk": 139, "fields": {"action_time": "2023-04-25T22:52:47.836", "user": 1, "content_type": 10, "object_id": "23", "object_repr": "\u0423\u043b\u0438\u0441\u0441", "action_flag": 2, "change_message": "[{\"added\": {\"name\": \"\\u0420\\u0435\\u0432\\u044c\\u044e\", \"object\": \"\\u0423\\u043b\\u0438\\u0441\\u0441\"}}, {\"added\": {\"name\": \"\\u0420\\u0435\\u0432\\u044c\\u044e\", \"object\": \"\\u0423\\u043b\\u0438\\u0441\\u0441\"}}, {\"added\": {\"name\": \"\\u0420\\u0435\\u0432\\u044c\\u044e\", \"object\": \"\\u0423\\u043b\\u0438\\u0441\\u0441\"}}, {\"added\": {\"name\": \"\\u0420\\u0435\\u0432\\u044c\\u044e\", \"object\": \"\\u0423\\u043b\\u0438\\u0441\\u0441\"}}, {\"added\": {\"name\": \"\\u0420\\u0435\\u0432\\u044c\\u044e\", \"object\": \"\\u0423\\u043b\\u0438\\u0441\\u0441\"}}]"}}, {"model": "admin.logentry", "pk": 140, "fields": {"action_time": "2023-04-25T22:53:15.222", "user": 1, "content_type": 10, "object_id": "24", "object_repr": "Generation \u041f", "action_flag": 2, "change_message": "[{\"added\": {\"name\": \"\\u0420\\u0435\\u0432\\u044c\\u044e\", \"object\": \"Generation \\u041f\"}}, {\"added\": {\"name\": \"\\u0420\\u0435\\u0432\\u044c\\u044e\", \"object\": \"Generation \\u041f\"}}]"}}, {"model": "admin.logentry", "pk": 141, "fields": {"action_time": "2023-04-25T22:53:42.037", "user": 1, "content_type": 10, "object_id": "25", "object_repr": "\u0412\u0438\u043d\u043d\u0438 \u041f\u0443\u0445 \u0438 \u0432\u0441\u0435-\u0432\u0441\u0435-\u0432\u0441\u0435", "action_flag": 2, "change_message": "[{\"added\": {\"name\": \"\\u0420\\u0435\\u0432\\u044c\\u044e\", \"object\": \"\\u0412\\u0438\\u043d\\u043d\\u0438 \\u041f\\u0443\\u0445 \\u0438 \\u0432\\u0441\\u0435-\\u0432\\u0441\\u0435-\\u0432\\u0441\\u0435\"}}, {\"added\": {\"name\": \"\\u0420\\u0435\\u0432\\u044c\\u044e\", \"object\": \"\\u0412\\u0438\\u043d\\u043d\\u0438 \\u041f\\u0443\\u0445 \\u0438 \\u0432\\u0441\\u0435-\\u0432\\u0441\\u0435-\\u0432\\u0441\\u0435\"}}]"}}, {"model": "admin.logentry", "pk": 142, "fields": {"action_time": "2023-04-25T22:53:58.040", "user": 1, "content_type": 10, "object_id": "26", "object_repr": "\u0421\u0442\u0430\u0441 \u041c\u0438\u0445\u0430\u0439\u043b\u043e\u0432 - \u041f\u043e\u0437\u044b\u0432\u043d\u044b\u0435 \u043d\u0430 \u043b\u044e\u0431\u043e\u0432\u044c", "action_flag": 2, "change_message": "[{\"added\": {\"name\": \"\\u0420\\u0435\\u0432\\u044c\\u044e\", \"object\": \"\\u0421\\u0442\\u0430\\u0441 \\u041c\\u0438\\u0445\\u0430\\u0439\\u043b\\u043e\\u0432 - \\u041f\\u043e\\u0437\\u044b\\u0432\\u043d\\u044b\\u0435 \\u043d\\u0430 \\u043b\\u044e\\u0431\\u043e\\u0432\\u044c\"}}]"}}, {"model": "admin.logentry", "pk": 143, "fields": {"action_time": "2023-04-25T22:54:21.959", "user": 1, "content_type": 10, "object_id": "27", "object_repr": "Led Zeppelin \u2014 Stairway to Heaven", "action_flag": 2, "change_message": "[{\"added\": {\"name\": \"\\u0420\\u0435\\u0432\\u044c\\u044e\", \"object\": \"Led Zeppelin \\u2014 Stairway to Heaven\"}}, {\"added\": {\"name\": \"\\u0420\\u0435\\u0432\\u044c\\u044e\", \"object\": \"Led Zeppelin \\u2014 Stairway to Heaven\"}}]"}}, {"model": "admin.logentry", "pk": 144, "fields": {"action_time": "2023-04-25T22:54:44.035", "user": 1, "content_type": 10, "object_id": "28", "object_repr": "Jethro Tull - Aqualung", "action_flag": 2, "change_message": "[{\"added\": {\"name\": \"\\u0420\\u0435\\u0432\\u044c\\u044e\", \"object\": \"Jethro Tull - Aqualung\"}}, {\"added\": {\"name\": \"\\u0420\\u0435\\u0432\\u044c\\u044e\", \"object\": \"Jethro Tull - Aqualung\"}}]"}}, {"model": "admin.logentry", "pk": 145, "fields": {"action_time": "2023-04-25T22:54:55.751", "user": 1, "content_type": 10, "object_id": "29", "object_repr": "Elvis Presley - Blue Suede Shoes", "action_flag": 2, "change_message": "[{\"added\": {\"name\": \"\\u0420\\u0435\\u0432\\u044c\\u044e\", \"object\": \"Elvis Presley - Blue Suede Shoes\"}}]"}}, {"model": "admin.logentry", "pk": 146, "fields": {"action_time": "2023-04-25T22:55:04.254", "user": 1, "content_type": 10, "object_id": "30", "object_repr": "Deep Purple - Smoke on the Water", "action_flag": 2, "change_message": "[{\"added\": {\"name\": \"\\u0420\\u0435\\u0432\\u044c\\u044e\", \"object\": \"Deep Purple - Smoke on the Water\"}}]"}}, {"model": "admin.logentry", "pk": 147, "fields": {"action_time": "2023-04-25T22:55:19.023", "user": 1, "content_type": 10, "object_id": "31", "object_repr": "\u041c\u043e\u0446\u0430\u0440\u0442 - \u0422\u0443\u0440\u0435\u0446\u043a\u0438\u0439 \u043c\u0430\u0440\u0448", "action_flag": 2, "change_message": "[{\"added\": {\"name\": \"\\u0420\\u0435\\u0432\\u044c\\u044e\", \"object\": \"\\u041c\\u043e\\u0446\\u0430\\u0440\\u0442 - \\u0422\\u0443\\u0440\\u0435\\u0446\\u043a\\u0438\\u0439 \\u043c\\u0430\\u0440\\u0448\"}}]"}}, {"model": "admin.logentry", "pk": 148, "fields": {"action_time": "2023-04-25T22:55:35.094", "user": 1, "content_type": 10, "object_id": "32", "object_repr": "\u0411\u0430\u0445. \u041e\u0440\u043a\u0435\u0441\u0442\u0440\u043e\u0432\u0430\u044f \u0421\u044e\u0438\u0442\u0430 \u21162 \u0441\u0438 \u043c\u0438\u043d\u043e\u0440", "action_flag": 2, "change_message": "[{\"added\": {\"name\": \"\\u0420\\u0435\\u0432\\u044c\\u044e\", \"object\": \"\\u0411\\u0430\\u0445. \\u041e\\u0440\\u043a\\u0435\\u0441\\u0442\\u0440\\u043e\\u0432\\u0430\\u044f \\u0421\\u044e\\u0438\\u0442\\u0430 \\u21162 \\u0441\\u0438 \\u043c\\u0438\\u043d\\u043e\\u0440\"}}]"}}, {"model": "admin.logentry", "pk": 149, "fields": {"action_time": "2023-04-25T22:56:41.958", "user": 1, "content_type": 8, "object_id": "2", "object_repr": "\u0414\u0440\u0430\u043c\u0430", "action_flag": 1, "change_message": "[{\"added\": {}}]"}}, {"model": "admin.logentry", "pk": 150, "fields": {"action_time": "2023-04-25T22:56:51.830", "user": 1, "content_type": 8, "object_id": "3", "object_repr": "\u041a\u043e\u043c\u0435\u0434\u0438\u044f", "action_flag": 1, "change_message": "[{\"added\": {}}]"}}, {"model": "admin.logentry", "pk": 151, "fields": {"action_time": "2023-04-25T22:57:02.838", "user": 1, "content_type": 8, "object_id": "4", "object_repr": "\u0412\u0435\u0441\u0442\u0435\u0440\u043d", "action_flag": 1, "change_message": "[{\"added\": {}}]"}}, {"model": "admin.logentry", "pk": 152, "fields": {"action_time": "2023-04-25T22:57:11.759", "user": 1, "content_type": 8, "object_id": "5", "object_repr": "\u0424\u044d\u043d\u0442\u0435\u0437\u0438", "action_flag": 1, "change_message": "[{\"added\": {}}]"}}, {"model": "admin.logentry", "pk": 153, "fields": {"action_time": "2023-04-25T22:57:20.853", "user": 1, "content_type": 8, "object_id": "6", "object_repr": "\u0424\u0430\u043d\u0442\u0430\u0441\u0442\u0438\u043a\u0430", "action_flag": 1, "change_message": "[{\"added\": {}}]"}}, {"model": "admin.logentry", "pk": 154, "fields": {"action_time": "2023-04-25T22:57:37.682", "user": 1, "content_type": 8, "object_id": "7", "object_repr": "\u0414\u0435\u0442\u0435\u043a\u0442\u0438\u0432", "action_flag": 1, "change_message": "[{\"added\": {}}]"}}, {"model": "admin.logentry", "pk": 155, "fields": {"action_time": "2023-04-25T22:57:47.755", "user": 1, "content_type": 8, "object_id": "8", "object_repr": "\u0422\u0440\u0438\u043b\u043b\u0435\u0440", "action_flag": 1, "change_message": "[{\"added\": {}}]"}}, {"model": "admin.logentry", "pk": 156, "fields": {"action_time": "2023-04-25T22:57:57.777", "user": 1, "content_type": 8, "object_id": "9", "object_repr": "\u0421\u043a\u0430\u0437\u043a\u0430", "action_flag": 1, "change_message": "[{\"added\": {}}]"}}, {"model": "admin.logentry", "pk": 157, "fields": {"action_time": "2023-04-25T22:58:08.045", "user": 1, "content_type": 8, "object_id": "10", "object_repr": "\u0413\u043e\u043d\u0437\u043e", "action_flag": 1, "change_message": "[{\"added\": {}}]"}}, {"model": "admin.logentry", "pk": 158, "fields": {"action_time": "2023-04-25T22:58:21.014", "user": 1, "content_type": 8, "object_id": "11", "object_repr": "\u0420\u043e\u043c\u0430\u043d", "action_flag": 1, "change_message": "[{\"added\": {}}]"}}, {"model": "admin.logentry", "pk": 159, "fields": {"action_time": "2023-04-25T22:58:33.116", "user": 1, "content_type": 8, "object_id": "12", "object_repr": "\u0411\u0430\u043b\u043b\u0430\u0434\u0430", "action_flag": 1, "change_message": "[{\"added\": {}}]"}}, {"model": "admin.logentry", "pk": 160, "fields": {"action_time": "2023-04-25T22:58:42.473", "user": 1, "content_type": 8, "object_id": "13", "object_repr": "Rock-n-roll", "action_flag": 1, "change_message": "[{\"added\": {}}]"}}, {"model": "admin.logentry", "pk": 161, "fields": {"action_time": "2023-04-25T22:58:52.241", "user": 1, "content_type": 8, "object_id": "14", "object_repr": "\u041a\u043b\u0430\u0441\u0441\u0438\u043a\u0430", "action_flag": 1, "change_message": "[{\"added\": {}}]"}}, {"model": "admin.logentry", "pk": 162, "fields": {"action_time": "2023-04-25T22:59:02.913", "user": 1, "content_type": 8, "object_id": "15", "object_repr": "\u0420\u043e\u043a", "action_flag": 1, "change_message": "[{\"added\": {}}]"}}, {"model": "admin.logentry", "pk": 163, "fields": {"action_time": "2023-04-25T22:59:12.404", "user": 1, "content_type": 8, "object_id": "16", "object_repr": "\u0428\u0430\u043d\u0441\u043e\u043d", "action_flag": 1, "change_message": "[{\"added\": {}}]"}}, {"model": "admin.logentry", "pk": 164, "fields": {"action_time": "2023-04-25T23:04:46.756", "user": 1, "content_type": 10, "object_id": "1", "object_repr": "\u041f\u043e\u0431\u0435\u0433 \u0438\u0437 \u0428\u043e\u0443\u0448\u0435\u043d\u043a\u0430", "action_flag": 2, "change_message": "[{\"added\": {\"name\": \"genre title\", \"object\": \"GenreTitle object (33)\"}}, {\"added\": {\"name\": \"genre title\", \"object\": \"GenreTitle object (34)\"}}, {\"added\": {\"name\": \"genre title\", \"object\": \"GenreTitle object (35)\"}}, {\"changed\": {\"name\": \"genre title\", \"object\": \"GenreTitle object (1)\", \"fields\": [\"Genre\"]}}]"}}, {"model": "admin.logentry", "pk": 165, "fields": {"action_time": "2023-04-25T23:05:30.401", "user": 1, "content_type": 10, "object_id": "1", "object_repr": "\u041f\u043e\u0431\u0435\u0433 \u0438\u0437 \u0428\u043e\u0443\u0448\u0435\u043d\u043a\u0430", "action_flag": 2, "change_message": "[{\"added\": {\"name\": \"genre title\", \"object\": \"GenreTitle object (36)\"}}, {\"added\": {\"name\": \"genre title\", \"object\": \"GenreTitle object (37)\"}}, {\"added\": {\"name\": \"genre title\", \"object\": \"GenreTitle object (38)\"}}, {\"deleted\": {\"name\": \"genre title\", \"object\": \"GenreTitle object (None)\"}}, {\"deleted\": {\"name\": \"genre title\", \"object\": \"GenreTitle object (None)\"}}, {\"deleted\": {\"name\": \"genre title\", \"object\": \"GenreTitle object (None)\"}}]"}}, {"model": "admin.logentry", "pk": 169, "fields": {"action_time": "2023-04-25T23:06:50.735", "user": 1, "content_type": 10, "object_id": "1", "object_repr": "\u041f\u043e\u0431\u0435\u0433 \u0438\u0437 \u0428\u043e\u0443\u0448\u0435\u043d\u043a\u0430", "action_flag": 2, "change_message": "[{\"added\": {\"name\": \"genre title\", \"object\": \"GenreTitle object (39)\"}}, {\"added\": {\"name\": \"genre title\", \"object\": \"GenreTitle object (40)\"}}, {\"added\": {\"name\": \"genre title\", \"object\": \"GenreTitle object (41)\"}}, {\"deleted\": {\"name\": \"genre title\", \"object\": \"GenreTitle object (None)\"}}, {\"deleted\": {\"name\": \"genre title\", \"object\": \"GenreTitle object (None)\"}}, {\"deleted\": {\"name\": \"genre title\", \"object\": \"GenreTitle object (None)\"}}]"}}, {"model": "admin.logentry", "pk": 170, "fields": {"action_time": "2023-04-25T23:07:42.886", "user": 1, "content_type": 10, "object_id": "1", "object_repr": "\u041f\u043e\u0431\u0435\u0433 \u0438\u0437 \u0428\u043e\u0443\u0448\u0435\u043d\u043a\u0430", "action_flag": 2, "change_message": "[{\"added\": {\"name\": \"genre title\", \"object\": \"GenreTitle object (42)\"}}, {\"added\": {\"name\": \"genre title\", \"object\": \"GenreTitle object (43)\"}}, {\"added\": {\"name\": \"genre title\", \"object\": \"GenreTitle object (44)\"}}, {\"changed\": {\"name\": \"genre title\", \"object\": \"GenreTitle object (39)\", \"fields\": [\"Genre\"]}}, {\"changed\": {\"name\": \"genre title\", \"object\": \"GenreTitle object (40)\", \"fields\": [\"Genre\"]}}, {\"changed\": {\"name\": \"genre title\", \"object\": \"GenreTitle object (41)\", \"fields\": [\"Genre\"]}}]"}}, {"model": "admin.logentry", "pk": 171, "fields": {"action_time": "2023-04-25T23:07:51.848", "user": 1, "content_type": 10, "object_id": "1", "object_repr": "\u041f\u043e\u0431\u0435\u0433 \u0438\u0437 \u0428\u043e\u0443\u0448\u0435\u043d\u043a\u0430", "action_flag": 2, "change_message": "[{\"added\": {\"name\": \"genre title\", \"object\": \"GenreTitle object (45)\"}}, {\"added\": {\"name\": \"genre title\", \"object\": \"GenreTitle object (46)\"}}, {\"added\": {\"name\": \"genre title\", \"object\": \"GenreTitle object (47)\"}}, {\"deleted\": {\"name\": \"genre title\", \"object\": \"GenreTitle object (None)\"}}, {\"deleted\": {\"name\": \"genre title\", \"object\": \"GenreTitle object (None)\"}}, {\"deleted\": {\"name\": \"genre title\", \"object\": \"GenreTitle object (None)\"}}]"}}, {"model": "admin.logentry", "pk": 173, "fields": {"action_time": "2023-04-25T23:09:34.375", "user": 1, "content_type": 10, "object_id": "2", "object_repr": "\u041a\u0440\u0435\u0441\u0442\u043d\u044b\u0439 \u043e\u0442\u0435\u0446", "action_flag": 2, "change_message": "[{\"added\": {\"name\": \"genre title\", \"object\": \"GenreTitle object (48)\"}}, {\"added\": {\"name\": \"genre title\", \"object\": \"GenreTitle object (49)\"}}, {\"added\": {\"name\": \"genre title\", \"object\": \"GenreTitle object (50)\"}}, {\"changed\": {\"name\": \"genre title\", \"object\": \"GenreTitle object (2)\", \"fields\": [\"Genre\"]}}]"}}, {"model": "admin.logentry", "pk": 174, "fields": {"action_time": "2023-04-25T23:10:01.340", "user": 1, "content_type": 10, "object_id": "2", "object_repr": "\u041a\u0440\u0435\u0441\u0442\u043d\u044b\u0439 \u043e\u0442\u0435\u0446", "action_flag": 2, "change_message": "[{\"added\": {\"name\": \"genre title\", \"object\": \"GenreTitle object (51)\"}}, {\"added\": {\"name\": \"genre title\", \"object\": \"GenreTitle object (52)\"}}, {\"added\": {\"name\": \"genre title\", \"object\": \"GenreTitle object (53)\"}}, {\"deleted\": {\"name\": \"genre title\", \"object\": \"GenreTitle object (None)\"}}, {\"deleted\": {\"name\": \"genre title\", \"object\": \"GenreTitle object (None)\"}}, {\"deleted\": {\"name\": \"genre title\", \"object\": \"GenreTitle object (None)\"}}]"}}, {"model": "admin.logentry", "pk": 206, "fields": {"action_time": "2023-04-25T23:12:09.516", "user": 1, "content_type": 10, "object_id": "1", "object_repr": "\u041f\u043e\u0431\u0435\u0433 \u0438\u0437 \u0428\u043e\u0443\u0448\u0435\u043d\u043a\u0430", "action_flag": 2, "change_message": "[{\"added\": {\"name\": \"genre title\", \"object\": \"GenreTitle object (81)\"}}, {\"added\": {\"name\": \"genre title\", \"object\": \"GenreTitle object (82)\"}}, {\"added\": {\"name\": \"genre title\", \"object\": \"GenreTitle object (83)\"}}, {\"deleted\": {\"name\": \"genre title\", \"object\": \"GenreTitle object (None)\"}}, {\"deleted\": {\"name\": \"genre title\", \"object\": \"GenreTitle object (None)\"}}, {\"deleted\": {\"name\": \"genre title\", \"object\": \"GenreTitle object (None)\"}}, {\"deleted\": {\"name\": \"genre title\", \"object\": \"GenreTitle object (None)\"}}, {\"deleted\": {\"name\": \"genre title\", \"object\": \"GenreTitle object (None)\"}}, {\"deleted\": {\"name\": \"genre title\", \"object\": \"GenreTitle object (None)\"}}]"}}, {"model": "admin.logentry", "pk": 207, "fields": {"action_time": "2023-04-25T23:12:22.556", "user": 1, "content_type": 10, "object_id": "1", "object_repr": "\u041f\u043e\u0431\u0435\u0433 \u0438\u0437 \u0428\u043e\u0443\u0448\u0435\u043d\u043a\u0430", "action_flag": 2, "change_message": "[{\"added\": {\"name\": \"genre title\", \"object\": \"GenreTitle object (84)\"}}, {\"added\": {\"name\": \"genre title\", \"object\": \"GenreTitle object (85)\"}}, {\"added\": {\"name\": \"genre title\", \"object\": \"GenreTitle object (86)\"}}, {\"deleted\": {\"name\": \"genre title\", \"object\": \"GenreTitle object (None)\"}}, {\"deleted\": {\"name\": \"genre title\", \"object\": \"GenreTitle object (None)\"}}, {\"deleted\": {\"name\": \"genre title\", \"object\": \"GenreTitle object (None)\"}}]"}}, {"model": "admin.logentry", "pk": 239, "fields": {"action_time": "2023-04-25T23:14:44.657", "user": 1, "content_type": 10, "object_id": "1", "object_repr": "\u041f\u043e\u0431\u0435\u0433 \u0438\u0437 \u0428\u043e\u0443\u0448\u0435\u043d\u043a\u0430", "action_flag": 2, "change_message": "[{\"deleted\": {\"name\": \"genre title\", \"object\": \"GenreTitle object (None)\"}}, {\"deleted\": {\"name\": \"genre title\", \"object\": \"GenreTitle object (None)\"}}, {\"deleted\": {\"name\": \"genre title\", \"object\": \"GenreTitle object (None)\"}}]"}}, {"model": "admin.logentry", "pk": 240, "fields": {"action_time": "2023-04-25T23:15:07.864", "user": 1, "content_type": 10, "object_id": "2", "object_repr": "\u041a\u0440\u0435\u0441\u0442\u043d\u044b\u0439 \u043e\u0442\u0435\u0446", "action_flag": 2, "change_message": "[{\"deleted\": {\"name\": \"genre title\", \"object\": \"GenreTitle object (None)\"}}, {\"deleted\": {\"name\": \"genre title\", \"object\": \"GenreTitle object (None)\"}}, {\"deleted\": {\"name\": \"genre title\", \"object\": \"GenreTitle object (None)\"}}]"}}, {"model": "admin.logentry", "pk": 241, "fields": {"action_time": "2023-04-25T23:26:11.306", "user": 1, "content_type": 10, "object_id": "3", "object_repr": "12 \u0440\u0430\u0437\u0433\u043d\u0435\u0432\u0430\u043d\u043d\u044b\u0445 \u043c\u0443\u0436\u0447\u0438\u043d", "action_flag": 2, "change_message": "[{\"changed\": {\"name\": \"genre title\", \"object\": \"GenreTitle object (3)\", \"fields\": [\"Genre\"]}}]"}}, {"model": "admin.logentry", "pk": 242, "fields": {"action_time": "2023-04-25T23:26:18.970", "user": 1, "content_type": 10, "object_id": "4", "object_repr": "\u0421\u043f\u0438\u0441\u043e\u043a \u0428\u0438\u043d\u0434\u043b\u0435\u0440\u0430", "action_flag": 2, "change_message": "[{\"changed\": {\"name\": \"genre title\", \"object\": \"GenreTitle object (4)\", \"fields\": [\"Genre\"]}}]"}}, {"model": "admin.logentry", "pk": 243, "fields": {"action_time": "2023-04-25T23:26:43.362", "user": 1, "content_type": 10, "object_id": "5", "object_repr": "\u041a\u0440\u0438\u043c\u0438\u043d\u0430\u043b\u044c\u043d\u043e\u0435 \u0447\u0442\u0438\u0432\u043e", "action_flag": 2, "change_message": "[{\"added\": {\"name\": \"genre title\", \"object\": \"GenreTitle object (114)\"}}, {\"added\": {\"name\": \"genre title\", \"object\": \"GenreTitle object (115)\"}}, {\"changed\": {\"name\": \"genre title\", \"object\": \"GenreTitle object (5)\", \"fields\": [\"Genre\"]}}]"}}, {"model": "admin.logentry", "pk": 244, "fields": {"action_time": "2023-04-25T23:26:53.660", "user": 1, "content_type": 10, "object_id": "6", "object_repr": "\u0425\u043e\u0440\u043e\u0448\u0438\u0439, \u043f\u043b\u043e\u0445\u043e\u0439, \u0437\u043b\u043e\u0439", "action_flag": 2, "change_message": "[{\"changed\": {\"name\": \"genre title\", \"object\": \"GenreTitle object (6)\", \"fields\": [\"Genre\"]}}]"}}, {"model": "admin.logentry", "pk": 245, "fields": {"action_time": "2023-04-25T23:27:04.329", "user": 1, "content_type": 10, "object_id": "7", "object_repr": "\u0412\u043b\u0430\u0441\u0442\u0435\u043b\u0438\u043d \u043a\u043e\u043b\u0435\u0446: \u0411\u0440\u0430\u0442\u0441\u0442\u0432\u043e \u043a\u043e\u043b\u044c\u0446\u0430", "action_flag": 2, "change_message": "[{\"changed\": {\"name\": \"genre title\", \"object\": \"GenreTitle object (7)\", \"fields\": [\"Genre\"]}}]"}}, {"model": "admin.logentry", "pk": 246, "fields": {"action_time": "2023-04-25T23:27:15.626", "user": 1, "content_type": 10, "object_id": "8", "object_repr": "\u0411\u043e\u0439\u0446\u043e\u0432\u0441\u043a\u0438\u0439 \u043a\u043b\u0443\u0431", "action_flag": 2, "change_message": "[{\"changed\": {\"name\": \"genre title\", \"object\": \"GenreTitle object (8)\", \"fields\": [\"Genre\"]}}]"}}, {"model": "admin.logentry", "pk": 247, "fields": {"action_time": "2023-04-25T23:27:30.283", "user": 1, "content_type": 10, "object_id": "9", "object_repr": "\u0424\u043e\u0440\u0440\u0435\u0441\u0442 \u0413\u0430\u043c\u043f", "action_flag": 2, "change_message": "[{\"added\": {\"name\": \"genre title\", \"object\": \"GenreTitle object (116)\"}}, {\"changed\": {\"name\": \"genre title\", \"object\": \"GenreTitle object (9)\", \"fields\": [\"Genre\"]}}]"}}, {"model": "admin.logentry", "pk": 248, "fields": {"action_time": "2023-04-25T23:27:43.262", "user": 1, "content_type": 10, "object_id": "10", "object_repr": "\u0417\u0432\u0451\u0437\u0434\u043d\u044b\u0435 \u0432\u043e\u0439\u043d\u044b. \u042d\u043f\u0438\u0437\u043e\u0434 5: \u0418\u043c\u043f\u0435\u0440\u0438\u044f \u043d\u0430\u043d\u043e\u0441\u0438\u0442 \u043e\u0442\u0432\u0435\u0442\u043d\u044b\u0439 \u0443\u0434\u0430\u0440", "action_flag": 2, "change_message": "[{\"changed\": {\"name\": \"genre title\", \"object\": \"GenreTitle object (10)\", \"fields\": [\"Genre\"]}}]"}}, {"model": "admin.logentry", "pk": 249, "fields": {"action_time": "2023-04-25T23:27:56.012", "user": 1, "content_type": 10, "object_id": "11", "object_repr": "\u0412\u043b\u0430\u0441\u0442\u0435\u043b\u0438\u043d \u043a\u043e\u043b\u0435\u0446: \u0414\u0432\u0435 \u043a\u0440\u0435\u043f\u043e\u0441\u0442\u0438", "action_flag": 2, "change_message": "[{\"changed\": {\"name\": \"genre title\", \"object\": \"GenreTitle object (11)\", \"fields\": [\"Genre\"]}}]"}}, {"model": "admin.logentry", "pk": 250, "fields": {"action_time": "2023-04-25T23:28:40.429", "user": 1, "content_type": 10, "object_id": "12", "object_repr": "\u041c\u0430\u0442\u0440\u0438\u0446\u0430", "action_flag": 2, "change_message": "[{\"added\": {\"name\": \"genre title\", \"object\": \"GenreTitle object (117)\"}}, {\"added\": {\"name\": \"genre title\", \"object\": \"GenreTitle object (118)\"}}, {\"added\": {\"name\": \"genre title\", \"object\": \"GenreTitle object (119)\"}}, {\"changed\": {\"name\": \"genre title\", \"object\": \"GenreTitle object (12)\", \"fields\": [\"Genre\"]}}]"}}, {"model": "admin.logentry", "pk": 251, "fields": {"action_time": "2023-04-25T23:28:55.244", "user": 1, "content_type": 10, "object_id": "13", "object_repr": "\u041f\u0440\u043e\u043b\u0435\u0442\u0430\u044f \u043d\u0430\u0434 \u0433\u043d\u0435\u0437\u0434\u043e\u043c \u043a\u0443\u043a\u0443\u0448\u043a\u0438", "action_flag": 2, "change_message": "[{\"changed\": {\"name\": \"genre title\", \"object\": \"GenreTitle object (13)\", \"fields\": [\"Genre\"]}}]"}}, {"model": "admin.logentry", "pk": 252, "fields": {"action_time": "2023-04-25T23:29:11.675", "user": 1, "content_type": 10, "object_id": "14", "object_repr": "\u041d\u0430\u0437\u0430\u0434 \u0432 \u0431\u0443\u0434\u0443\u0449\u0435\u0435", "action_flag": 2, "change_message": "[{\"changed\": {\"name\": \"genre title\", \"object\": \"GenreTitle object (14)\", \"fields\": [\"Genre\"]}}]"}}, {"model": "admin.logentry", "pk": 253, "fields": {"action_time": "2023-04-25T23:29:33.474", "user": 1, "content_type": 10, "object_id": "15", "object_repr": "\u041e\u043f\u0435\u0440\u0430\u0446\u0438\u044f \u00ab\u042b\u00bb \u0438 \u0434\u0440\u0443\u0433\u0438\u0435 \u043f\u0440\u0438\u043a\u043b\u044e\u0447\u0435\u043d\u0438\u044f \u0428\u0443\u0440\u0438\u043a\u0430", "action_flag": 2, "change_message": "[{\"added\": {\"name\": \"genre title\", \"object\": \"GenreTitle object (120)\"}}, {\"added\": {\"name\": \"genre title\", \"object\": \"GenreTitle object (121)\"}}, {\"changed\": {\"name\": \"genre title\", \"object\": \"GenreTitle object (15)\", \"fields\": [\"Genre\"]}}]"}}, {"model": "admin.logentry", "pk": 254, "fields": {"action_time": "2023-04-25T23:29:59.566", "user": 1, "content_type": 10, "object_id": "16", "object_repr": "\u041a\u0430\u0440\u0442\u044b, \u0434\u0435\u043d\u044c\u0433\u0438, \u0434\u0432\u0430 \u0441\u0442\u0432\u043e\u043b\u0430", "action_flag": 2, "change_message": "[{\"changed\": {\"name\": \"genre title\", \"object\": \"GenreTitle object (16)\", \"fields\": [\"Genre\"]}}]"}}, {"model": "admin.logentry", "pk": 255, "fields": {"action_time": "2023-04-25T23:30:10.250", "user": 1, "content_type": 10, "object_id": "17", "object_repr": "\u0414\u0436\u0435\u043d\u0442\u043b\u044c\u043c\u0435\u043d\u044b \u0443\u0434\u0430\u0447\u0438", "action_flag": 2, "change_message": "[{\"changed\": {\"name\": \"genre title\", \"object\": \"GenreTitle object (17)\", \"fields\": [\"Genre\"]}}]"}}, {"model": "admin.logentry", "pk": 256, "fields": {"action_time": "2023-04-25T23:30:19.922", "user": 1, "content_type": 10, "object_id": "18", "object_repr": "\u0414\u0436\u0430\u043d\u0433\u043e \u043e\u0441\u0432\u043e\u0431\u043e\u0436\u0434\u0435\u043d\u043d\u044b\u0439", "action_flag": 2, "change_message": "[{\"changed\": {\"name\": \"genre title\", \"object\": \"GenreTitle object (18)\", \"fields\": [\"Genre\"]}}]"}}, {"model": "admin.logentry", "pk": 257, "fields": {"action_time": "2023-04-25T23:30:31.584", "user": 1, "content_type": 10, "object_id": "19", "object_repr": "Generation \u041f", "action_flag": 2, "change_message": "[{\"changed\": {\"name\": \"genre title\", \"object\": \"GenreTitle object (19)\", \"fields\": [\"Genre\"]}}]"}}, {"model": "admin.logentry", "pk": 258, "fields": {"action_time": "2023-04-25T23:30:50.216", "user": 1, "content_type": 10, "object_id": "20", "object_repr": "\u041a\u043e\u043b\u043e\u0431\u043e\u043a", "action_flag": 2, "change_message": "[{\"added\": {\"name\": \"genre title\", \"object\": \"GenreTitle object (122)\"}}, {\"changed\": {\"name\": \"genre title\", \"object\": \"GenreTitle object (20)\", \"fields\": [\"Genre\"]}}]"}}, {"model": "admin.logentry", "pk": 259, "fields": {"action_time": "2023-04-25T23:31:05.103", "user": 1, "content_type": 10, "object_id": "21", "object_repr": "\u0421\u0442\u0440\u0430\u0445 \u0438 \u043d\u0435\u043d\u0430\u0432\u0438\u0441\u0442\u044c \u0432 \u041b\u0430\u0441-\u0412\u0435\u0433\u0430\u0441\u0435", "action_flag": 2, "change_message": "[{\"changed\": {\"name\": \"genre title\", \"object\": \"GenreTitle object (21)\", \"fields\": [\"Genre\"]}}]"}}, {"model": "admin.logentry", "pk": 260, "fields": {"action_time": "2023-04-25T23:31:16.748", "user": 1, "content_type": 10, "object_id": "22", "object_repr": "\u0412\u043e\u0439\u043d\u0430 \u0438 \u043c\u0438\u0440", "action_flag": 2, "change_message": "[{\"changed\": {\"name\": \"genre title\", \"object\": \"GenreTitle object (22)\", \"fields\": [\"Genre\"]}}]"}}, {"model": "admin.logentry", "pk": 261, "fields": {"action_time": "2023-04-25T23:31:36.786", "user": 1, "content_type": 10, "object_id": "23", "object_repr": "\u0423\u043b\u0438\u0441\u0441", "action_flag": 2, "change_message": "[{\"changed\": {\"name\": \"genre title\", \"object\": \"GenreTitle object (23)\", \"fields\": [\"Genre\"]}}]"}}, {"model": "admin.logentry", "pk": 262, "fields": {"action_time": "2023-04-25T23:31:49.496", "user": 1, "content_type": 10, "object_id": "24", "object_repr": "Generation \u041f", "action_flag": 2, "change_message": "[{\"changed\": {\"name\": \"genre title\", \"object\": \"GenreTitle object (24)\", \"fields\": [\"Genre\"]}}]"}}, {"model": "admin.logentry", "pk": 263, "fields": {"action_time": "2023-04-25T23:32:03.455", "user": 1, "content_type": 10, "object_id": "25", "object_repr": "\u0412\u0438\u043d\u043d\u0438 \u041f\u0443\u0445 \u0438 \u0432\u0441\u0435-\u0432\u0441\u0435-\u0432\u0441\u0435", "action_flag": 2, "change_message": "[{\"changed\": {\"name\": \"genre title\", \"object\": \"GenreTitle object (25)\", \"fields\": [\"Genre\"]}}]"}}, {"model": "admin.logentry", "pk": 264, "fields": {"action_time": "2023-04-25T23:32:20.383", "user": 1, "content_type": 10, "object_id": "26", "object_repr": "\u0421\u0442\u0430\u0441 \u041c\u0438\u0445\u0430\u0439\u043b\u043e\u0432 - \u041f\u043e\u0437\u044b\u0432\u043d\u044b\u0435 \u043d\u0430 \u043b\u044e\u0431\u043e\u0432\u044c", "action_flag": 2, "change_message": "[{\"changed\": {\"name\": \"genre title\", \"object\": \"GenreTitle object (26)\", \"fields\": [\"Genre\"]}}]"}}, {"model": "admin.logentry", "pk": 265, "fields": {"action_time": "2023-04-25T23:32:43.272", "user": 1, "content_type": 10, "object_id": "27", "object_repr": "Led Zeppelin \u2014 Stairway to Heaven", "action_flag": 2, "change_message": "[{\"added\": {\"name\": \"genre title\", \"object\": \"GenreTitle object (123)\"}}, {\"changed\": {\"name\": \"genre title\", \"object\": \"GenreTitle object (27)\", \"fields\": [\"Genre\"]}}]"}}, {"model": "admin.logentry", "pk": 266, "fields": {"action_time": "2023-04-25T23:32:54.696", "user": 1, "content_type": 10, "object_id": "28", "object_repr": "Jethro Tull - Aqualung", "action_flag": 2, "change_message": "[{\"changed\": {\"name\": \"genre title\", \"object\": \"GenreTitle object (28)\", \"fields\": [\"Genre\"]}}]"}}, {"model": "admin.logentry", "pk": 267, "fields": {"action_time": "2023-04-25T23:33:03.390", "user": 1, "content_type": 10, "object_id": "29", "object_repr": "Elvis Presley - Blue Suede Shoes", "action_flag": 2, "change_message": "[{\"changed\": {\"name\": \"genre title\", \"object\": \"GenreTitle object (29)\", \"fields\": [\"Genre\"]}}]"}}, {"model": "admin.logentry", "pk": 268, "fields": {"action_time": "2023-04-25T23:33:14.269", "user": 1, "content_type": 10, "object_id": "30", "object_repr": "Deep Purple - Smoke on the Water", "action_flag": 2, "change_message": "[{\"changed\": {\"name\": \"genre title\", \"object\": \"GenreTitle object (30)\", \"fields\": [\"Genre\"]}}]"}}, {"model": "admin.logentry", "pk": 269, "fields": {"action_time": "2023-04-25T23:33:20.188", "user": 1, "content_type": 10, "object_id": "31", "object_repr": "\u041c\u043e\u0446\u0430\u0440\u0442 - \u0422\u0443\u0440\u0435\u0446\u043a\u0438\u0439 \u043c\u0430\u0440\u0448", "action_flag": 2, "change_message": "[{\"changed\": {\"name\": \"genre title\", \"object\": \"GenreTitle object (31)\", \"fields\": [\"Genre\"]}}]"}}, {"model": "admin.logentry", "pk": 270, "fields": {"action_time": "2023-04-25T23:33:32.053", "user": 1, "content_type": 10, "object_id": "32", "object_repr": "\u0411\u0430\u0445. \u041e\u0440\u043a\u0435\u0441\u0442\u0440\u043e\u0432\u0430\u044f \u0421\u044e\u0438\u0442\u0430 \u21162 \u0441\u0438 \u043c\u0438\u043d\u043e\u0440", "action_flag": 2, "change_message": "[{\"changed\": {\"name\": \"genre title\", \"object\": \"GenreTitle object (32)\", \"fields\": [\"Genre\"]}}]"}}, {"model": "admin.logentry", "pk": 271, "fields": {"action_time": "2023-04-25T23:41:10.338", "user": 1, "content_type": 11, "object_id": "173", "object_repr": "\u041a\u0440\u0438\u043c\u0438\u043d\u0430\u043b\u044c\u043d\u043e\u0435 \u0447\u0442\u0438\u0432\u043e", "action_flag": 2, "change_message": "[{\"added\": {\"name\": \"\\u041a\\u043e\\u043c\\u043c\\u0435\\u043d\\u0442\\u0430\\u0440\\u0438\\u0439\", \"object\": \"\\u041d\\u0438\\u0447\\u0435\\u0433\\u043e \\u043f\\u043e\\u0434\\u043e\\u0431\\u043d\\u043e\\u0433\\u043e, \\u0432 \\u0444\\u0438\\u043b\\u044c\\u043c\\u0435 \\u0432\\u0441\\u0451 \\u043d\\u0435 \\u0442\\u0430\\u043a, \\u0438 \\u043f\\u0440\\u043e\\u0433\\u0440\\u0430\\u043c\\u043c\\u0438\\u0440\\u043e\\u0432\\u0430\\u043d\\u0438\\u0435 \\u0442\\u0443\\u0442 \\u0432\\u043e\\u043e\\u0431\\u0449\\u0435 \\u043d\\u0438 \\u043f\\u0440\\u0438 \\u0447\\u0451\\u043c!\"}}, {\"added\": {\"name\": \"\\u041a\\u043e\\u043c\\u043c\\u0435\\u043d\\u0442\\u0430\\u0440\\u0438\\u0439\", \"object\": \"\\u041d\\u0443 \\u043d\\u0430\\u0434\\u043e \\u0436\\u0435, \\u043d\\u0435 \\u043d\\u0430\\u0448\\u043b\\u043e\\u0441\\u044c \\u043d\\u0438\\u0447\\u0435\\u0433\\u043e \\u043b\\u0443\\u0447\\u0448\\u0435\\u0433\\u043e, \\u043a\\u0440\\u043e\\u043c\\u0435 \\u043a\\u0430\\u043a \\u043f\\u0440\\u043e\\u043a\\u043e\\u043c\\u043c\\u0435\\u043d\\u0442\\u0438\\u0440\\u043e\\u0432\\u0430\\u0442\\u044c \\u0440\\u0430\\u0437\\u0433\\u043e\\u0432\\u043e\\u0440 \\u043f\\u0440\\u043e \\u0433\\u0430\\u043c\\u0431\\u0443\\u0440\\u0433\\u0435\\u0440\\u044b, \\u0431\\u0443\\u0434\\u0442\\u043e \\u0432 \\u0444\\u0438\\u043b\\u044c\\u043c\\u0435 \\u043d\\u0438\\u0447\\u0435\\u0433\\u043e \\u0432\\u0430\\u0436\\u043d\\u0435\\u0435 \\u044d\\u0442\\u043e\\u0433\\u043e \\u043d\\u0435\\u0442\"}}, {\"added\": {\"name\": \"\\u041a\\u043e\\u043c\\u043c\\u0435\\u043d\\u0442\\u0430\\u0440\\u0438\\u0439\", \"object\": \"\\u041a\\u0441\\u0442\\u0430\\u0442\\u0438, \\u0430 \\u0447\\u0442\\u043e \\u0442\\u0430\\u043a\\u043e\\u0435 \\\"\\u0447\\u0435\\u0442\\u0432\\u0435\\u0440\\u0442\\u044c \\u0444\\u0443\\u043d\\u0442\\u0430\\\"? \\u0412 \\u0433\\u0440\\u0430\\u043c\\u043c\\u0430\\u0445 \\u044d\\u0442\\u043e \\u0441\\u043a\\u043e\\u043b\\u044c\\u043a\\u043e?\"}}]"}}, {"model": "admin.logentry", "pk": 272, "fields": {"action_time": "2023-04-25T23:41:44.355", "user": 1, "content_type": 11, "object_id": "217", "object_repr": "\u041a\u043e\u043b\u043e\u0431\u043e\u043a", "action_flag": 2, "change_message": "[{\"added\": {\"name\": \"\\u041a\\u043e\\u043c\\u043c\\u0435\\u043d\\u0442\\u0430\\u0440\\u0438\\u0439\", \"object\": \"\\u0412\\u043e\\u0442 \\u044d\\u0442\\u043e \\u0434\\u0430, \\u043d\\u0438\\u043a\\u043e\\u0433\\u0434\\u0430 \\u043d\\u0435 \\u0441\\u043b\\u044b\\u0448\\u0430\\u043b \\u043e\\u0431 \\u044d\\u0442\\u043e\\u043c! \\u0421\\u043f\\u0430\\u0441\\u0438\\u0431\\u043e \\u0437\\u0430 \\u0438\\u043d\\u0444\\u043e\\u0440\\u043c\\u0430\\u0446\\u0438\\u044e\"}}, {\"added\": {\"name\": \"\\u041a\\u043e\\u043c\\u043c\\u0435\\u043d\\u0442\\u0430\\u0440\\u0438\\u0439\", \"object\": \"\\u041f\\u043e\\u0447\\u0435\\u043c\\u0443 \\u043e\\u0431\\u044f\\u0437\\u0430\\u0442\\u0435\\u043b\\u044c\\u043d\\u043e  \\u043d\\u0443\\u0436\\u043d\\u043e \\u043b\\u044e\\u0431\\u043e\\u0439 \\u0440\\u0430\\u0437\\u0433\\u043e\\u0432\\u043e\\u0440 \\u0441\\u0432\\u043e\\u0434\\u0438\\u0442\\u044c \\u043a \\u043d\\u0430\\u0432\\u043e\\u0437\\u0443? \\u0425\\u043e\\u0440\\u043e\\u0448\\u0430\\u044f \\u0434\\u0435\\u0442\\u0441\\u043a\\u0430\\u044f \\u0441\\u043a\\u0430\\u0437\\u043a\\u0430, \\u0432\\u0430 \\u0432\\u044b \\u0442\\u0443\\u0442 \\u043f\\u0438\\u0448\\u0435\\u0442\\u0435 \\u043f\\u0440\\u043e \\u043a\\u0430\\u043a\\u0438\\u0435-\\u0442\\u043e \\u0441\\u0443\\u0431\\u0441\\u0442\\u0430\\u043d\\u0446\\u0438\\u0438 \\u043d\\u0435\\u043f\\u0440\\u0438\\u044f\\u0442\\u043d\\u044b\\u0435. \\u0424\\u0443 \\u0442\\u0430\\u043a\\u0438\\u043c \\u0431\\u044b\\u0442\\u044c.\"}}]"}}]